Channel,Freqs,Values
CP3,0,34.741097452464984
CP3,1,38.344403934240866
CP3,2,38.27208608469809
CP3,3,37.39159006775597
CP3,4,37.52723879194319
CP3,5,36.97487514072062
CP3,6,36.45607986105321
CP3,7,34.79108310093882
CP3,8,32.73332891239692
CP3,9,30.744370701072008
CP3,10,29.728643328399244
CP3,11,28.763598387634374
CP3,12,24.920000324117446
CP3,13,24.307246043992656
CP3,14,23.440573805661703
CP3,15,23.72337193445607
CP3,16,22.026737157360404
CP3,17,23.50177296073265
CP3,18,24.578706470557755
CP3,19,25.478045522738046
CP3,20,24.554969687491138
C3,0,43.754546362172974
C3,1,47.021717426853336
C3,2,46.67828026056612
C3,3,44.57484540901203
C3,4,44.47448851185102
C3,5,43.00677734524694
C3,6,36.6559674068141
C3,7,36.62889816643638
C3,8,32.92196755838202
C3,9,32.515946631983674
C3,10,32.21307549965474
C3,11,31.7648466081797
C3,12,31.803250048730582
C3,13,31.907883310271053
C3,14,29.417116776005983
C3,15,28.817936665537474
C3,16,28.815550040478676
C3,17,29.451783489321173
C3,18,28.82536161463106
C3,19,26.719890783630127
C3,20,25.39687840824577
F5,0,40.697934482361845
F5,1,42.953899759004706
F5,2,42.68668685882665
F5,3,41.32480665975425
F5,4,40.774061375911856
F5,5,37.80975059389973
F5,6,36.378196362658166
F5,7,32.893095382504555
F5,8,33.75216320812338
F5,9,30.341396013912867
F5,10,30.460921030221012
F5,11,29.805193464479174
F5,12,29.900162605305805
F5,13,28.74110839392778
F5,14,26.09320230318609
F5,15,25.64778043939032
F5,16,25.335444605826673
F5,17,27.093200122061774
F5,18,27.647647631784427
F5,19,28.152719016419336
F5,20,28.443222978642023
PO3,0,39.212640681464144
PO3,1,40.71768073583749
PO3,2,40.25761144300827
PO3,3,39.876490686326626
PO3,4,39.636144917079086
PO3,5,39.02978736257048
PO3,6,39.13607752186756
PO3,7,32.92672733946608
PO3,8,31.5623077332577
PO3,9,30.26332603160489
PO3,10,29.433174587849198
PO3,11,28.39056792831051
PO3,12,28.10581843060699
PO3,13,26.057399485006837
PO3,14,23.42919197557073
PO3,15,22.951955673326413
PO3,16,23.27401432189945
PO3,17,24.592703798614725
PO3,18,24.980822488217356
PO3,19,24.610608849395955
PO3,20,23.927674379181916
PO4,0,51.54820400276269
PO4,1,53.86193497559974
PO4,2,53.76538727783497
PO4,3,52.74172157113027
PO4,4,51.55600429072549
PO4,5,48.142827351179335
PO4,6,48.40220487302959
PO4,7,39.29898215333577
PO4,8,40.02436007267585
PO4,9,38.61586578389667
PO4,10,39.028470856253
PO4,11,38.18495730057346
PO4,12,34.23503534477434
PO4,13,33.07998228179275
PO4,14,29.974070676307797
PO4,15,30.092795567892043
PO4,16,29.147644490850354
PO4,17,27.69458286556153
PO4,18,27.99249011110995
PO4,19,28.122526320939848
PO4,20,29.766984709383223
F6,0,40.449236072532216
F6,1,43.239090147851506
F6,2,43.379712458476895
F6,3,40.9518207788176
F6,4,41.341758966461015
F6,5,38.906842451738704
F6,6,37.126863462639164
F6,7,36.86345273452918
F6,8,36.47810133420061
F6,9,35.298027141918396
F6,10,34.76032386518158
F6,11,31.10712672295781
F6,12,31.173885096478745
F6,13,29.48335861478693
F6,14,27.46391771732135
F6,15,28.64485372499235
F6,16,29.84088961281469
F6,17,30.15058690980885
F6,18,29.596761613407722
F6,19,29.635871513542646
F6,20,29.434549799250558
C4,0,39.38308654612162
C4,1,42.119533922729666
C4,2,42.29754935598603
C4,3,39.811497888516364
C4,4,39.592266846666554
C4,5,35.74159092398877
C4,6,31.982517615475274
C4,7,27.758094713621727
C4,8,29.04301317150435
C4,9,26.664175819385925
C4,10,27.057617439893534
C4,11,26.569527745996723
C4,12,25.516657238979967
C4,13,24.505754036041452
C4,14,25.305902340264264
C4,15,22.095776601639187
C4,16,24.175059070967304
C4,17,22.188737006674213
C4,18,22.271495967434134
C4,19,22.684885575730668
C4,20,22.677234877170118
CP4,0,46.319193217180754
CP4,1,49.25955839109383
CP4,2,49.010968960620495
CP4,3,47.44766696333276
CP4,4,46.25257547712205
CP4,5,40.31811312671379
CP4,6,37.2332302920419
CP4,7,32.1047913416447
CP4,8,28.883944313392117
CP4,9,29.260725295475215
CP4,10,29.515560111590258
CP4,11,26.930105466214073
CP4,12,26.611825406247867
CP4,13,25.278706233995607
CP4,14,24.780071363251835
CP4,15,25.000179821355125
CP4,16,24.266091875671457
CP4,17,26.761255197446335
CP4,18,26.40668904153124
CP4,19,25.598217476928113
CP4,20,25.624941873389467
CP3,0,42.17381005179899
CP3,1,45.14560065120678
CP3,2,44.338992259844154
CP3,3,42.98001245588482
CP3,4,42.11670911703999
CP3,5,37.09226326196108
CP3,6,35.993857092611165
CP3,7,32.489893067224735
CP3,8,32.079031210188326
CP3,9,30.95812672345278
CP3,10,30.53955615998126
CP3,11,30.853173026355925
CP3,12,29.86081088696366
CP3,13,29.810131680729164
CP3,14,26.06529967618147
CP3,15,26.412040600150185
CP3,16,26.54819220746614
CP3,17,27.803853794781435
CP3,18,27.808872908268025
CP3,19,26.891840220500992
CP3,20,26.23566665444433
C3,0,42.78880794168751
C3,1,45.9072501544146
C3,2,45.257263820989174
C3,3,43.52766936180991
C3,4,43.42054169103464
C3,5,42.09652717450915
C3,6,38.332754936213085
C3,7,35.87743368186339
C3,8,34.36617640798421
C3,9,32.015528164205726
C3,10,31.78551427097245
C3,11,29.852996957079313
C3,12,29.84145630565129
C3,13,30.222615997591433
C3,14,27.77230178370065
C3,15,27.79500660932001
C3,16,27.08831753264372
C3,17,26.908453840811028
C3,18,27.048494018633356
C3,19,27.043790006271607
C3,20,27.045258142261734
F5,0,37.424126148855585
F5,1,40.46958789110481
F5,2,40.34050941367123
F5,3,38.83287520632612
F5,4,37.887680522112404
F5,5,31.328333330652608
F5,6,31.76373429088731
F5,7,32.991992756598286
F5,8,31.528553610445652
F5,9,31.07888124514945
F5,10,31.031403513119017
F5,11,31.64121601148008
F5,12,31.441685276558967
F5,13,31.36392561388242
F5,14,29.263729261508796
F5,15,28.618967766075997
F5,16,29.08797051689885
F5,17,29.81301403046377
F5,18,28.68923925612362
F5,19,27.5836407643251
F5,20,27.096256455967335
PO3,0,45.67057147050305
PO3,1,48.60483390799943
PO3,2,47.610089114627876
PO3,3,45.734466598536024
PO3,4,45.914371238505574
PO3,5,43.74754721638118
PO3,6,37.175253501936155
PO3,7,35.96912726809223
PO3,8,34.608440557082886
PO3,9,33.08945579470893
PO3,10,32.48224531253474
PO3,11,30.769162718065083
PO3,12,30.182614319642166
PO3,13,30.805474883839956
PO3,14,27.86248297564952
PO3,15,27.112585979237313
PO3,16,25.960357948832133
PO3,17,27.797563577863293
PO3,18,27.584733503578445
PO3,19,27.18131439074105
PO3,20,27.557408782976086
PO4,0,45.598037995495716
PO4,1,48.19994284936975
PO4,2,47.99925370772166
PO4,3,46.81611622670866
PO4,4,46.75122295587851
PO4,5,45.6337504951754
PO4,6,43.520890089439234
PO4,7,43.06246279463784
PO4,8,41.67823462295214
PO4,9,39.35144679374733
PO4,10,36.939554861173654
PO4,11,37.838422585129045
PO4,12,36.589295692476114
PO4,13,35.301479965214796
PO4,14,34.756865420928015
PO4,15,32.918931184749944
PO4,16,31.06864602971413
PO4,17,31.45697865137864
PO4,18,29.280174881294574
PO4,19,29.371744149099953
PO4,20,27.906053659581566
F6,0,43.23025252360095
F6,1,46.153070890865365
F6,2,46.10678540738647
F6,3,44.26343567372111
F6,4,43.529594394413024
F6,5,37.75467570959253
F6,6,36.86035275010396
F6,7,36.13825527247276
F6,8,35.440528371016526
F6,9,35.36652726027591
F6,10,35.06320437195949
F6,11,34.785459888905706
F6,12,33.392965369549486
F6,13,32.44985134297006
F6,14,31.222628724318817
F6,15,30.88241549374263
F6,16,29.94494703417379
F6,17,31.395880125752953
F6,18,30.967307568988712
F6,19,30.129379026262036
F6,20,30.112785370952192
C4,0,37.859323153657655
C4,1,40.637617487031804
C4,2,40.04925369288692
C4,3,38.63126262760647
C4,4,38.60053662961575
C4,5,36.88135613013158
C4,6,35.34981896768815
C4,7,33.537301140640984
C4,8,31.127740786242875
C4,9,29.72758641311167
C4,10,29.130584225024712
C4,11,28.60605196925166
C4,12,27.033374224250117
C4,13,26.860084536721182
C4,14,25.237101601002156
C4,15,25.03202456862311
C4,16,24.30944440251622
C4,17,25.892652374274412
C4,18,25.61861498416695
C4,19,25.072986914166826
C4,20,24.4070617770035
CP4,0,37.039109530971885
CP4,1,39.701939568978844
CP4,2,39.54546371834187
CP4,3,38.34685557201526
CP4,4,37.78948430424918
CP4,5,35.22220589352618
CP4,6,33.995883998962704
CP4,7,30.88821002892805
CP4,8,30.42819180642164
CP4,9,29.223311249406994
CP4,10,28.484186605149734
CP4,11,29.687110740524876
CP4,12,29.078135593088184
CP4,13,28.547273582564152
CP4,14,26.83943935471877
CP4,15,26.958378382982545
CP4,16,27.61633650643525
CP4,17,28.48602935192384
CP4,18,28.422867396248208
CP4,19,27.386453181482224
CP4,20,27.34642884742555
CP3,0,46.747384571894216
CP3,1,49.678538259034724
CP3,2,50.17758636254715
CP3,3,50.67786609368525
CP3,4,52.01442067406398
CP3,5,51.46626925149346
CP3,6,51.11523492579422
CP3,7,50.84527284936317
CP3,8,51.095278926532046
CP3,9,51.2358367810721
CP3,10,51.356202581559316
CP3,11,51.69771318450997
CP3,12,51.91238358654422
CP3,13,52.047617790659615
CP3,14,52.04915032041554
CP3,15,52.16116480083166
CP3,16,52.25049934819986
CP3,17,52.552591809454
CP3,18,52.6356775330578
CP3,19,52.80934183061241
CP3,20,52.99116772565946
C3,0,47.01944504803922
C3,1,50.38300067461087
C3,2,50.292875988005356
C3,3,50.75918949603945
C3,4,51.66068486974769
C3,5,51.24000703674798
C3,6,50.028413620947994
C3,7,50.502615265624875
C3,8,49.89110039689443
C3,9,49.97856509907869
C3,10,50.33776062880129
C3,11,50.60949929647403
C3,12,50.61562962074002
C3,13,50.89357841715743
C3,14,50.77729855322276
C3,15,51.13361494350444
C3,16,51.17617204802632
C3,17,51.24955031683973
C3,18,51.35297726418606
C3,19,51.450159549040386
C3,20,51.43522800484904
F5,0,49.0620015990105
F5,1,51.41218866770033
F5,2,51.616237681912395
F5,3,51.985276127081775
F5,4,53.200934480357624
F5,5,52.347678041682755
F5,6,51.974545421710545
F5,7,52.0999537230394
F5,8,52.41375350402037
F5,9,52.484692563392066
F5,10,52.474640367794485
F5,11,52.911249218534095
F5,12,52.95991586509308
F5,13,53.147890051068345
F5,14,52.75230564140615
F5,15,53.13754114526418
F5,16,53.28271100681941
F5,17,53.66843301896682
F5,18,53.59368147976038
F5,19,53.75667545078508
F5,20,53.936566567371926
PO3,0,51.652475235556864
PO3,1,54.396484153191345
PO3,2,53.98441386538945
PO3,3,52.95579828530264
PO3,4,54.19530821720954
PO3,5,51.27039792688551
PO3,6,50.77333141927532
PO3,7,51.15833578381192
PO3,8,51.59316575586224
PO3,9,51.61241210088367
PO3,10,51.50064265693989
PO3,11,51.88615766022422
PO3,12,52.13342242830212
PO3,13,52.422776278406275
PO3,14,52.124536068364776
PO3,15,52.46706177625178
PO3,16,52.648707591220834
PO3,17,52.965147641453605
PO3,18,52.969126657055696
PO3,19,53.1204478170593
PO3,20,53.26537174951123
PO4,0,57.38774765291278
PO4,1,59.57421406007587
PO4,2,59.46915452466218
PO4,3,58.420971591482015
PO4,4,58.4056519390805
PO4,5,57.33808166632681
PO4,6,55.91857698001404
PO4,7,53.89493137600168
PO4,8,52.41647041235722
PO4,9,52.3361037275826
PO4,10,52.97175168781044
PO4,11,52.91484908990238
PO4,12,53.0332857802506
PO4,13,52.91290710524279
PO4,14,51.99880238901247
PO4,15,52.68498723670184
PO4,16,52.641026633094405
PO4,17,53.07352351581591
PO4,18,52.94353771500448
PO4,19,52.89511283010637
PO4,20,53.08242556566404
F6,0,51.311283212238365
F6,1,53.79457421015612
F6,2,54.51156003518282
F6,3,54.13449224450499
F6,4,55.47909387962819
F6,5,54.172486073900366
F6,6,54.27043442935252
F6,7,54.17885437952122
F6,8,54.24854293020341
F6,9,54.39826224021001
F6,10,54.60569982393856
F6,11,54.75392994236706
F6,12,55.03178177243817
F6,13,55.12168204830758
F6,14,54.70166560636216
F6,15,55.130302111668605
F6,16,55.1873805028174
F6,17,55.65328263560363
F6,18,55.602015769410436
F6,19,55.724889708552325
F6,20,55.9415774141179
C4,0,44.74398417317659
C4,1,47.4603732870531
C4,2,47.81409464516524
C4,3,48.201415562158886
C4,4,49.152244012010335
C4,5,48.59472667947286
C4,6,47.565084060521514
C4,7,47.566676751786225
C4,8,47.362435999150065
C4,9,47.77782842125896
C4,10,48.25409192029955
C4,11,48.4735708798799
C4,12,48.82433831286386
C4,13,48.884765218256014
C4,14,48.58282942833288
C4,15,49.00906830874277
C4,16,48.930405139865684
C4,17,49.24947477306201
C4,18,49.280715230035355
C4,19,49.43048229369978
C4,20,49.653932942645575
CP4,0,48.973627523714796
CP4,1,52.25732293910659
CP4,2,51.32032570575747
CP4,3,51.64852874743711
CP4,4,52.770953616063004
CP4,5,51.84102360001471
CP4,6,50.576887641016235
CP4,7,51.32318281836416
CP4,8,51.28958687560666
CP4,9,51.6112814116392
CP4,10,51.48883275635454
CP4,11,51.92091784908577
CP4,12,51.94667812856443
CP4,13,52.25324049849103
CP4,14,52.11959076782926
CP4,15,52.382689259470716
CP4,16,52.389872313873724
CP4,17,52.62850640987713
CP4,18,52.62442248815009
CP4,19,52.86904941938956
CP4,20,52.99138831191893
CP3,0,37.882599421110434
CP3,1,41.1397641835501
CP3,2,40.85759657970057
CP3,3,39.59360789489465
CP3,4,38.47709134678582
CP3,5,35.53463335006603
CP3,6,33.355603685965754
CP3,7,34.97214608334977
CP3,8,34.30965478000545
CP3,9,33.75363029565599
CP3,10,32.53266262884016
CP3,11,32.76201406420546
CP3,12,31.7786640752536
CP3,13,31.969113151018234
CP3,14,29.310410158223053
CP3,15,27.46478331310751
CP3,16,27.093995844616753
CP3,17,29.16399921370274
CP3,18,28.383144161521408
CP3,19,28.277657867987223
CP3,20,27.591413909831534
C3,0,41.12101380005454
C3,1,44.20389042535299
C3,2,42.71974627942476
C3,3,42.09194267555983
C3,4,41.798480078703655
C3,5,40.467585910547676
C3,6,35.842246606277094
C3,7,33.54455691434014
C3,8,31.693988029832116
C3,9,33.054388845430296
C3,10,31.398460669910214
C3,11,30.990408970022912
C3,12,30.275158358715565
C3,13,29.06870289532248
C3,14,29.9438690990144
C3,15,28.653497840896947
C3,16,27.779755552654
C3,17,29.614094370784944
C3,18,28.996267170387796
C3,19,30.138774062945522
C3,20,30.538205732352274
F5,0,41.9603927145553
F5,1,44.71836985348961
F5,2,44.603808821125256
F5,3,43.02003191859187
F5,4,41.640853925262995
F5,5,36.4202087723621
F5,6,33.5287188807145
F5,7,32.59749771076735
F5,8,33.14283659676141
F5,9,33.518452211173226
F5,10,33.33866554678816
F5,11,32.96400476965528
F5,12,31.707221224109126
F5,13,31.691597466546952
F5,14,29.26290370647063
F5,15,29.567378423316867
F5,16,24.25444648745236
F5,17,27.80879589059651
F5,18,26.710110338558692
F5,19,27.080109403404897
F5,20,27.2319202315878
PO3,0,38.8222806695228
PO3,1,41.5746098867223
PO3,2,41.06425807724048
PO3,3,38.89560882568288
PO3,4,39.88108489585776
PO3,5,35.824030751290586
PO3,6,36.88383421321112
PO3,7,34.8602709327524
PO3,8,34.46532138902698
PO3,9,33.96363588325689
PO3,10,33.208422703774104
PO3,11,33.065497563935395
PO3,12,32.33688923149904
PO3,13,31.34015489663211
PO3,14,27.51569610105198
PO3,15,27.728549724899892
PO3,16,26.488994136417496
PO3,17,29.29055637982583
PO3,18,28.85408438510352
PO3,19,29.024837019615806
PO3,20,28.84927889461497
PO4,0,52.85113198536663
PO4,1,55.85829456229924
PO4,2,54.988244523220715
PO4,3,53.67938401222418
PO4,4,52.96230031134209
PO4,5,51.07671753455242
PO4,6,44.680854073440955
PO4,7,43.04136351937109
PO4,8,42.92806212786169
PO4,9,39.131662165255456
PO4,10,38.17910754953593
PO4,11,37.00246338890531
PO4,12,35.7793468148573
PO4,13,35.812285144366065
PO4,14,34.77478408485421
PO4,15,34.156564974132976
PO4,16,33.3391539054401
PO4,17,32.86246098248003
PO4,18,32.856410023129826
PO4,19,32.30507558675701
PO4,20,31.219813005922642
F6,0,44.99580555141154
F6,1,47.94334645075085
F6,2,47.99416417347856
F6,3,45.396089710843334
F6,4,45.140949789802576
F6,5,41.603944902140704
F6,6,37.85167062370442
F6,7,37.07115943756592
F6,8,36.89829479433427
F6,9,34.49985253921918
F6,10,33.0493329800867
F6,11,33.19685336884977
F6,12,32.760622582688484
F6,13,33.44569972612437
F6,14,31.472407076261547
F6,15,31.364220255676326
F6,16,28.01356832086842
F6,17,31.950237906699922
F6,18,29.999715217774337
F6,19,29.86463708341111
F6,20,30.25035081621776
C4,0,34.27278356355606
C4,1,37.13620577650952
C4,2,35.71506723408525
C4,3,35.055433295934456
C4,4,35.21377448052341
C4,5,34.35899763211809
C4,6,34.36806728365448
C4,7,32.78566929067712
C4,8,31.973476797442245
C4,9,31.888035905976842
C4,10,32.07762163961466
C4,11,30.757149467024824
C4,12,29.666372990751594
C4,13,28.911396051439823
C4,14,26.923096846798362
C4,15,27.191732291150117
C4,16,26.331542306644668
C4,17,26.909417341697093
C4,18,26.52707329948977
C4,19,26.454150672276224
C4,20,26.56116256323842
CP4,0,35.789928571361436
CP4,1,38.48790546340697
CP4,2,37.97938663402698
CP4,3,37.770256022458874
CP4,4,36.84742848035029
CP4,5,36.12645007542304
CP4,6,33.781979170643325
CP4,7,32.37200295294686
CP4,8,32.80286413833221
CP4,9,30.895485638922363
CP4,10,29.449383988086186
CP4,11,30.09309113451461
CP4,12,27.97759905300672
CP4,13,28.227458925158725
CP4,14,28.604490120595955
CP4,15,28.92432654813392
CP4,16,23.1760587971093
CP4,17,27.249230674597953
CP4,18,27.241223341681746
CP4,19,27.572205039518867
CP4,20,27.940635526542078
CP3,0,39.04069326738399
CP3,1,42.1434179613389
CP3,2,40.70975158016685
CP3,3,39.957986630036764
CP3,4,39.91387065867084
CP3,5,39.42973680148203
CP3,6,33.6664187072858
CP3,7,34.53171790713468
CP3,8,33.733238238725455
CP3,9,33.383345939245
CP3,10,32.647619722547645
CP3,11,32.68824056028648
CP3,12,32.11281643979248
CP3,13,31.266230612360243
CP3,14,27.491506691405476
CP3,15,26.654568691796285
CP3,16,27.294932142916736
CP3,17,25.96817387841127
CP3,18,24.12110565564284
CP3,19,24.57784645676682
CP3,20,25.15470758613941
C3,0,40.553735122845815
C3,1,42.69751887620595
C3,2,42.16913869393846
C3,3,41.19053361408875
C3,4,40.50767069352343
C3,5,37.40720575290761
C3,6,36.74474466367849
C3,7,34.68217012052698
C3,8,33.99141889953469
C3,9,34.045008379919615
C3,10,33.97434079984792
C3,11,32.83381028179739
C3,12,32.650502354785644
C3,13,33.5318192215249
C3,14,29.803014035977764
C3,15,28.99283576158816
C3,16,28.773768504287382
C3,17,30.6988018204963
C3,18,30.945657660379
C3,19,29.977541589167657
C3,20,26.747679919687005
F5,0,38.539308271637616
F5,1,40.854404570229114
F5,2,40.13476398695229
F5,3,38.67175308914602
F5,4,38.34483995073043
F5,5,36.3381450054503
F5,6,31.992826435600573
F5,7,33.504387684576116
F5,8,33.22935155847352
F5,9,33.40389044514691
F5,10,33.76607183402411
F5,11,33.089343385779564
F5,12,32.9919619528471
F5,13,33.16515634733864
F5,14,29.449344118330302
F5,15,27.43044307285567
F5,16,27.404713414896726
F5,17,25.216337163644663
F5,18,25.791855644069418
F5,19,27.246863473181776
F5,20,27.731588265845446
PO3,0,38.901583208553575
PO3,1,41.76434371764239
PO3,2,40.94028772105712
PO3,3,39.891573477296845
PO3,4,40.00925509900357
PO3,5,39.53091858976829
PO3,6,37.06443871707875
PO3,7,35.68679483774909
PO3,8,35.227262870587836
PO3,9,33.67696517143009
PO3,10,33.17811867200439
PO3,11,33.55697476226049
PO3,12,32.85296590902996
PO3,13,32.689170020477874
PO3,14,30.88229445594273
PO3,15,28.39979690265961
PO3,16,29.517914660409904
PO3,17,28.5714489660323
PO3,18,27.39198515971857
PO3,19,25.69273416781175
PO3,20,25.688718738194254
PO4,0,56.05153262398656
PO4,1,59.06407443017866
PO4,2,58.415402649108294
PO4,3,57.46459499433581
PO4,4,55.928762066625865
PO4,5,49.26481461122247
PO4,6,44.47227181702779
PO4,7,41.436883543122875
PO4,8,40.01863494548541
PO4,9,40.3143111898582
PO4,10,38.74022698259488
PO4,11,37.794488195904734
PO4,12,37.33736114300662
PO4,13,36.279291880893176
PO4,14,34.71786137834843
PO4,15,32.695836120877544
PO4,16,32.85208679898523
PO4,17,32.11923007772674
PO4,18,32.35343092035665
PO4,19,32.78252351881528
PO4,20,32.795510356695765
F6,0,39.75115483819414
F6,1,43.29771834873581
F6,2,42.34243449563806
F6,3,41.976318184663874
F6,4,41.40927091776
F6,5,40.239651060151154
F6,6,38.26117823376527
F6,7,38.09877992009687
F6,8,37.21913474706421
F6,9,37.17687590847205
F6,10,36.535743348779825
F6,11,36.02908355259111
F6,12,35.091188053279566
F6,13,35.01658053491408
F6,14,32.54916359431452
F6,15,30.023337979565156
F6,16,31.325187664084467
F6,17,29.361218965268403
F6,18,29.98892450099692
F6,19,30.33393117554744
F6,20,30.028033726202214
C4,0,44.26624901984265
C4,1,47.197484626429656
C4,2,47.13438607152467
C4,3,45.54619257590573
C4,4,44.06479279284178
C4,5,32.59026141508088
C4,6,30.908497593748535
C4,7,28.946952157900384
C4,8,28.740262315538274
C4,9,28.742204594571312
C4,10,29.636495244557057
C4,11,29.383173506657418
C4,12,28.81195093954904
C4,13,29.02767367498862
C4,14,28.35124631622383
C4,15,27.59583613134292
C4,16,27.683520783139386
C4,17,22.12700262040675
C4,18,24.521400776607138
C4,19,24.957109483035108
C4,20,25.16729184803382
CP4,0,47.95309871285156
CP4,1,51.1274140331449
CP4,2,50.931253098863614
CP4,3,49.73478602061269
CP4,4,48.0827577145465
CP4,5,38.31386721644474
CP4,6,38.74049163682592
CP4,7,37.97204914073368
CP4,8,35.388234104608316
CP4,9,35.26624829512321
CP4,10,33.13600456322754
CP4,11,33.123613352889905
CP4,12,32.3687815096419
CP4,13,32.02129371737513
CP4,14,27.72711725935466
CP4,15,26.126884427036007
CP4,16,27.394980258134677
CP4,17,27.61196072089422
CP4,18,26.42631149571189
CP4,19,26.54378795936839
CP4,20,26.287024284243316
CP3,0,43.89160307910945
CP3,1,46.89827968919757
CP3,2,46.91499768424056
CP3,3,45.30907294531013
CP3,4,44.151820019360684
CP3,5,38.72921400520727
CP3,6,34.6699627475281
CP3,7,32.99324151062399
CP3,8,30.24556348899572
CP3,9,26.930531322849003
CP3,10,26.92865797351744
CP3,11,27.729015750771573
CP3,12,28.083443486452076
CP3,13,28.651406716487557
CP3,14,28.937854383380124
CP3,15,27.42763563266207
CP3,16,27.045653469423577
CP3,17,28.43337810167263
CP3,18,26.97667691264426
CP3,19,26.94452085557736
CP3,20,26.729696075096484
C3,0,30.14200256873981
C3,1,36.909734633712645
C3,2,36.861522791924614
C3,3,36.90213856540472
C3,4,36.34126674094078
C3,5,35.38726929665382
C3,6,35.52028232625057
C3,7,34.91917519428743
C3,8,31.801496947234877
C3,9,30.36214120429607
C3,10,29.905159871268868
C3,11,29.924863170009
C3,12,29.213543496098765
C3,13,28.928010269120975
C3,14,28.92968054156701
C3,15,26.99511739970443
C3,16,27.16006181600509
C3,17,27.51131951698241
C3,18,28.285426788647463
C3,19,26.08881604425409
C3,20,25.386784515077032
F5,0,42.65660949697336
F5,1,45.375686111753865
F5,2,44.847943280730284
F5,3,44.1372420363221
F5,4,42.74325202296374
F5,5,37.297717715986444
F5,6,33.19699423360677
F5,7,31.881424629966403
F5,8,30.887923624587007
F5,9,30.495302331798413
F5,10,28.9685707071563
F5,11,29.093701897031803
F5,12,29.165786361788246
F5,13,29.38436645744219
F5,14,27.784631905414614
F5,15,26.742970623546817
F5,16,26.90129038616981
F5,17,27.175791113398557
F5,18,28.147630308696584
F5,19,27.927249739250684
F5,20,27.03185545157433
PO3,0,38.262214729271825
PO3,1,41.03522481483904
PO3,2,40.73055090418758
PO3,3,39.387392622909154
PO3,4,38.99419203353485
PO3,5,37.10676713619562
PO3,6,34.04833886894729
PO3,7,31.798685530439794
PO3,8,29.798923046868445
PO3,9,27.526325231004556
PO3,10,26.37918198152658
PO3,11,26.911693659675883
PO3,12,26.653971598573428
PO3,13,27.902611130309843
PO3,14,27.301368044603095
PO3,15,26.724523247065996
PO3,16,26.596474693081717
PO3,17,27.30124689117758
PO3,18,26.82771948144658
PO3,19,25.989081745500386
PO3,20,26.076159679885027
PO4,0,55.46415221955202
PO4,1,58.598504744549196
PO4,2,58.3074177094413
PO4,3,56.99901798847678
PO4,4,56.02744060102383
PO4,5,47.55405974122478
PO4,6,46.619985745426085
PO4,7,44.88575825004175
PO4,8,39.730698927624644
PO4,9,36.12254446882621
PO4,10,33.71324489515078
PO4,11,32.98539617723976
PO4,12,34.341405103897806
PO4,13,34.79878366204751
PO4,14,34.10835200139786
PO4,15,34.53525618226893
PO4,16,35.283040342821984
PO4,17,34.672121133841856
PO4,18,33.94984903897084
PO4,19,31.461582672205015
PO4,20,29.63173837754807
F6,0,34.09401785699271
F6,1,36.76802208636747
F6,2,35.82279630646151
F6,3,35.051995652573716
F6,4,36.03194652437126
F6,5,34.532566730521886
F6,6,33.83319855330295
F6,7,35.073249345542536
F6,8,35.605362755225826
F6,9,35.15426158942477
F6,10,34.77628832140872
F6,11,34.5483314426327
F6,12,33.96078073720192
F6,13,34.794375659239535
F6,14,33.23434543212818
F6,15,31.145104460889527
F6,16,30.95532824600847
F6,17,32.716727652335294
F6,18,32.78625915584472
F6,19,31.846168680832818
F6,20,31.39188512958148
C4,0,43.07467019450488
C4,1,46.32753556167005
C4,2,46.28738659339167
C4,3,42.968065841729214
C4,4,43.45906648355687
C4,5,37.86142847789649
C4,6,32.34669856250957
C4,7,32.625150122985765
C4,8,29.484640794875446
C4,9,28.883942461834184
C4,10,28.485762686474875
C4,11,27.964695441086146
C4,12,26.39424258784681
C4,13,27.217702054275726
C4,14,27.664628491881885
C4,15,26.803578187773688
C4,16,27.037942001873795
C4,17,26.507851776225195
C4,18,26.221198972136964
C4,19,23.33186178509052
C4,20,21.851307311044046
CP4,0,45.12591805022452
CP4,1,48.14016948473649
CP4,2,47.11313853352386
CP4,3,46.30301557879687
CP4,4,45.30424042896389
CP4,5,39.492425294724434
CP4,6,33.819822552067336
CP4,7,34.62062304026019
CP4,8,33.22136521905408
CP4,9,32.07616718880685
CP4,10,28.338250277833815
CP4,11,30.068742964997192
CP4,12,29.44388607215337
CP4,13,29.98276880175212
CP4,14,28.339816772959704
CP4,15,28.853632241431594
CP4,16,28.802029710105515
CP4,17,29.46716242633793
CP4,18,27.300270173082417
CP4,19,26.886930234946355
CP4,20,26.785483826935568
CP3,0,48.94299484682005
CP3,1,51.9338090064462
CP3,2,51.8728908420642
CP3,3,49.987699394419295
CP3,4,49.05116331375144
CP3,5,44.004728318587844
CP3,6,38.151437330213795
CP3,7,37.527278541727355
CP3,8,32.91981607430073
CP3,9,30.719827542657896
CP3,10,30.24519323932151
CP3,11,30.712167646190878
CP3,12,30.826767908915805
CP3,13,30.794030012186035
CP3,14,28.899323824152333
CP3,15,28.215484717283154
CP3,16,26.754036268476
CP3,17,27.39228724508681
CP3,18,26.986735545132614
CP3,19,26.474291746514282
CP3,20,25.940858433094334
C3,0,36.83314201756062
C3,1,39.926975161574944
C3,2,39.752656387161416
C3,3,38.9707010994363
C3,4,38.588862802005764
C3,5,35.964390742469114
C3,6,34.039164823733316
C3,7,34.31108159070415
C3,8,34.245682422490205
C3,9,30.947252613892353
C3,10,30.362654432146677
C3,11,29.57104521398078
C3,12,29.266993829565934
C3,13,29.077376304027283
C3,14,28.816335655742886
C3,15,26.62241350365488
C3,16,26.787988909690142
C3,17,26.55126218284292
C3,18,26.81339129369291
C3,19,26.47826239635242
C3,20,26.528006538481655
F5,0,40.55145531230076
F5,1,43.589816822572054
F5,2,43.16441540385556
F5,3,41.29850390837199
F5,4,41.09761145717713
F5,5,39.34650476305275
F5,6,35.9957427140234
F5,7,33.26203915832076
F5,8,31.58022227977036
F5,9,31.313725968489464
F5,10,29.79766429019478
F5,11,28.317398162179206
F5,12,27.654809993934784
F5,13,27.7964961585516
F5,14,26.194043718632084
F5,15,26.16370769567981
F5,16,26.293094597118284
F5,17,27.978906633104906
F5,18,27.632997401681276
F5,19,27.618355201156785
F5,20,26.63003141793524
PO3,0,37.8819365453706
PO3,1,40.74155001305138
PO3,2,40.98313879856481
PO3,3,39.60371615391287
PO3,4,38.41067952278675
PO3,5,31.584076521108464
PO3,6,31.62597265544308
PO3,7,30.30587514519775
PO3,8,30.175844314643896
PO3,9,29.40351379184962
PO3,10,28.414732779546274
PO3,11,27.64458890702185
PO3,12,28.330393033142176
PO3,13,27.81849424304236
PO3,14,26.5830966744663
PO3,15,25.00060687868212
PO3,16,24.742750507687212
PO3,17,26.206552357193882
PO3,18,25.906348676204253
PO3,19,25.411237545254572
PO3,20,25.35487656376155
PO4,0,57.53558958941206
PO4,1,60.54250758609565
PO4,2,60.510772252374096
PO4,3,58.598493026303444
PO4,4,57.575828133020856
PO4,5,51.61154777643701
PO4,6,42.00279019248952
PO4,7,40.457781495011815
PO4,8,35.382727069900874
PO4,9,34.74167024779244
PO4,10,34.58419427847114
PO4,11,32.98204563777531
PO4,12,32.0840253294092
PO4,13,32.30912791544513
PO4,14,31.753818762315667
PO4,15,31.00226649890409
PO4,16,30.54069795984116
PO4,17,31.871331226307255
PO4,18,31.866282402132274
PO4,19,30.629649143591934
PO4,20,30.087067392628235
F6,0,40.62758466882448
F6,1,43.764011703498426
F6,2,43.577132640737545
F6,3,41.69089450403892
F6,4,41.255279233834194
F6,5,38.76457552349203
F6,6,34.04119061345102
F6,7,36.1558584951421
F6,8,35.67619947647579
F6,9,34.867452566967295
F6,10,34.580955038001804
F6,11,34.248827348562195
F6,12,34.632384638912185
F6,13,34.62376103574134
F6,14,30.83607726736127
F6,15,29.486203808847108
F6,16,29.673170394959563
F6,17,30.83206924218162
F6,18,31.233599288942273
F6,19,30.744680980084684
F6,20,30.802765714401392
C4,0,38.24543560846499
C4,1,41.23497083626124
C4,2,40.77977286801145
C4,3,38.702447918031396
C4,4,38.42264354625809
C4,5,33.923386023329364
C4,6,32.72423822886579
C4,7,30.20456630839964
C4,8,29.841359299066642
C4,9,29.957719789724155
C4,10,29.88186339495951
C4,11,29.365809734272325
C4,12,29.405522458918085
C4,13,29.29111518454399
C4,14,28.627466268506026
C4,15,28.682477539887138
C4,16,28.01550123595673
C4,17,28.08837721933379
C4,18,28.075288832750584
C4,19,27.425476466732277
C4,20,27.264329202833704
CP4,0,44.58634675217774
CP4,1,47.497083993091636
CP4,2,46.8938564270633
CP4,3,45.00878458541118
CP4,4,44.50921060128585
CP4,5,39.42765387941233
CP4,6,36.67242587474466
CP4,7,32.994524946420704
CP4,8,31.802855581826673
CP4,9,31.807743901488443
CP4,10,32.42106182952352
CP4,11,31.285362095530548
CP4,12,31.000236904203113
CP4,13,30.279800101977344
CP4,14,27.9319506918889
CP4,15,27.329887910288576
CP4,16,26.177536655812258
CP4,17,25.55645823631056
CP4,18,24.681954609874698
CP4,19,24.691137695157437
CP4,20,24.89479158485417
CP3,0,34.75551349252475
CP3,1,36.21286081642088
CP3,2,35.70538615033726
CP3,3,34.552238105048076
CP3,4,34.59157609533286
CP3,5,32.65561209363811
CP3,6,32.33048788034025
CP3,7,31.906080449947996
CP3,8,29.91786479574092
CP3,9,29.725374148237776
CP3,10,29.628973072736628
CP3,11,29.344084214726838
CP3,12,28.54651929904331
CP3,13,26.721153787079363
CP3,14,26.816303985723216
CP3,15,24.15997046487545
CP3,16,22.937285318446655
CP3,17,24.91514112140214
CP3,18,25.90726320962529
CP3,19,26.335199594194656
CP3,20,26.508270477958252
C3,0,40.469480268915476
C3,1,42.81605003235195
C3,2,42.79421956982667
C3,3,41.624023858636875
C3,4,41.37451146739739
C3,5,38.65540183239988
C3,6,37.91522583336139
C3,7,37.44227812714009
C3,8,36.10741944646989
C3,9,36.132403863890914
C3,10,33.97147209758435
C3,11,31.55448962201359
C3,12,30.304906309563847
C3,13,30.38341964898327
C3,14,28.20002896851747
C3,15,28.195962231536566
C3,16,26.230756832144813
C3,17,27.392544899315027
C3,18,26.53866603406354
C3,19,26.314216170802073
C3,20,25.97476341140936
F5,0,37.29835312764023
F5,1,40.02616718513953
F5,2,39.11087662303003
F5,3,37.46487979536497
F5,4,37.49585557879694
F5,5,36.48084905309712
F5,6,31.639628869456807
F5,7,32.41549608520827
F5,8,32.353306662580366
F5,9,32.585173600892624
F5,10,32.210230004332715
F5,11,31.83205325988814
F5,12,31.037659723722605
F5,13,28.493605624846083
F5,14,27.975910621197105
F5,15,25.98463727773675
F5,16,24.420309146770435
F5,17,27.753303234814474
F5,18,28.47477365036581
F5,19,28.739162012102717
F5,20,28.905915877572067
PO3,0,41.02464253946675
PO3,1,44.14549121808538
PO3,2,42.82275829628933
PO3,3,41.12111237742677
PO3,4,41.39816640820012
PO3,5,39.164039284002406
PO3,6,36.410247539752554
PO3,7,33.92902170198723
PO3,8,33.65339505844914
PO3,9,32.99058964070469
PO3,10,32.81571768252265
PO3,11,31.46498861742609
PO3,12,30.285013813272634
PO3,13,26.4675322568714
PO3,14,26.12102922234659
PO3,15,26.290688029679806
PO3,16,24.784843701969695
PO3,17,26.531354640489134
PO3,18,26.38718734728872
PO3,19,26.470472295349655
PO3,20,26.895878416543432
PO4,0,46.84309679786481
PO4,1,49.601498420837586
PO4,2,47.91413543585951
PO4,3,46.248978511600896
PO4,4,46.81256282664664
PO4,5,42.57852054963621
PO4,6,38.86985459862208
PO4,7,33.72654133099862
PO4,8,34.47278485358668
PO4,9,35.175363453092594
PO4,10,33.53766447189881
PO4,11,33.349574271403846
PO4,12,32.417974611685175
PO4,13,32.345764817009936
PO4,14,32.280434431252985
PO4,15,29.42019312264428
PO4,16,28.90304154181287
PO4,17,30.560610214465225
PO4,18,30.46100979885765
PO4,19,30.232701090443147
PO4,20,30.157269428175873
F6,0,35.096237373667435
F6,1,38.171829471121946
F6,2,37.55810083626264
F6,3,36.67362901987101
F6,4,36.80660576054771
F6,5,36.15900989313988
F6,6,34.99918626903424
F6,7,37.106596757070115
F6,8,37.142316398060416
F6,9,36.81507776541143
F6,10,36.2866490836287
F6,11,35.986165035647716
F6,12,35.80341511452347
F6,13,35.27129928766202
F6,14,32.484864510617584
F6,15,30.041299586545193
F6,16,30.2755691043604
F6,17,32.009231570646335
F6,18,32.08843476536377
F6,19,31.762698803793178
F6,20,31.84644097632129
C4,0,34.75611585548245
C4,1,37.755026163206416
C4,2,37.30964918977333
C4,3,35.787426966158584
C4,4,35.28724360821476
C4,5,29.552212744006404
C4,6,28.197235229257167
C4,7,27.61789632296764
C4,8,27.759042345249224
C4,9,27.859979162545578
C4,10,26.524181834732467
C4,11,25.554611936952007
C4,12,24.592998272428485
C4,13,24.02070516761249
C4,14,24.772395416806006
C4,15,23.75997467850601
C4,16,23.008109053969186
C4,17,23.16978434779137
C4,18,23.495694099426313
C4,19,23.74172169264735
C4,20,24.49286301843866
CP4,0,36.106671413805685
CP4,1,39.0575583867487
CP4,2,38.88248014530809
CP4,3,37.02918734842158
CP4,4,36.83845920844083
CP4,5,35.50887458880065
CP4,6,30.083849846418804
CP4,7,31.276775586558358
CP4,8,28.886994067059646
CP4,9,28.45629560997082
CP4,10,28.410939835552366
CP4,11,28.363660325160872
CP4,12,28.52817399365961
CP4,13,28.617850714988926
CP4,14,24.644241847448377
CP4,15,22.92247484465499
CP4,16,23.287389313507436
CP4,17,25.27888365690917
CP4,18,25.54444574197412
CP4,19,25.140360008674673
CP4,20,24.92652907167384
CP3,0,42.211876129876416
CP3,1,45.229265620577834
CP3,2,45.17078478080113
CP3,3,43.34335322793323
CP3,4,42.1983177303961
CP3,5,32.5535967166189
CP3,6,29.123979871483364
CP3,7,31.15828478281668
CP3,8,27.97956318283947
CP3,9,27.69069484667124
CP3,10,27.993890199784275
CP3,11,28.11554594231719
CP3,12,28.13193337221565
CP3,13,28.74770386867049
CP3,14,27.531190290757216
CP3,15,26.005158389486112
CP3,16,27.81491451596317
CP3,17,28.48333520349296
CP3,18,27.56134730849118
CP3,19,27.348789702787187
CP3,20,27.193472362741122
C3,0,44.19297621292553
C3,1,47.11915000814007
C3,2,47.00512355002993
C3,3,44.341861714502755
C3,4,44.25451167761182
C3,5,40.986559045657394
C3,6,33.87750451274964
C3,7,33.466251736317275
C3,8,33.17754891537259
C3,9,32.9546013079125
C3,10,31.507073653722873
C3,11,32.37305842123016
C3,12,31.194391075444166
C3,13,30.95646283397233
C3,14,28.087404423651257
C3,15,26.70557258328259
C3,16,25.953585187856305
C3,17,26.08429124076689
C3,18,24.083609056230188
C3,19,21.387525366536675
C3,20,20.568901083812314
F5,0,41.917266226474254
F5,1,44.80367443397395
F5,2,44.657653321402364
F5,3,42.204086026712176
F5,4,42.05668268933526
F5,5,35.69030464808848
F5,6,32.786947773253104
F5,7,32.40410486210311
F5,8,32.37490454420524
F5,9,32.072881065818954
F5,10,28.4580843041822
F5,11,28.196759291497496
F5,12,28.327448129569284
F5,13,28.716852906230805
F5,14,27.22717143266012
F5,15,25.339324017511565
F5,16,25.03241826831982
F5,17,27.67177568936586
F5,18,27.748140769466193
F5,19,27.27283795071292
F5,20,27.66749737535431
PO3,0,38.40874252942926
PO3,1,41.09580160803456
PO3,2,40.865931558886516
PO3,3,39.5298794324591
PO3,4,38.64580479501016
PO3,5,34.21714410370556
PO3,6,30.95011306335619
PO3,7,29.80553359330138
PO3,8,27.81313776495938
PO3,9,28.550948788238696
PO3,10,26.50254633624169
PO3,11,24.700586404829806
PO3,12,25.891244733499693
PO3,13,27.496597035605138
PO3,14,27.848189223390104
PO3,15,27.510306583769342
PO3,16,27.367028874434126
PO3,17,28.498551939443516
PO3,18,28.370772546444915
PO3,19,27.67930021764933
PO3,20,27.12255010075937
PO4,0,56.523645246812606
PO4,1,59.506672585065765
PO4,2,59.397003584250506
PO4,3,56.99834644680709
PO4,4,56.369509574268776
PO4,5,48.652126206290816
PO4,6,41.76171131376889
PO4,7,39.152464517816306
PO4,8,33.82842257898561
PO4,9,33.341066123273315
PO4,10,31.22101993482023
PO4,11,30.137845810211953
PO4,12,28.588600532759912
PO4,13,27.869144603516677
PO4,14,26.14817814957369
PO4,15,24.531892716596314
PO4,16,24.971192842555432
PO4,17,26.674320890097825
PO4,18,27.197435329602364
PO4,19,26.740889181793314
PO4,20,25.096087361842997
F6,0,42.35119807342378
F6,1,45.346681236743834
F6,2,44.5536506973916
F6,3,43.481718657309884
F6,4,42.87890485422683
F6,5,39.71883080666706
F6,6,39.26646069026213
F6,7,35.70114824432618
F6,8,35.02187944084346
F6,9,33.453659218166806
F6,10,32.78789274332085
F6,11,30.20887987743501
F6,12,29.22992240557454
F6,13,30.023717456540716
F6,14,29.65226237826146
F6,15,29.207160448521968
F6,16,29.586142127190755
F6,17,31.0331929228615
F6,18,30.997555100451972
F6,19,30.47161364249674
F6,20,30.35954210611318
C4,0,43.71612566249452
C4,1,46.69308061881674
C4,2,46.59272249720416
C4,3,44.00385474709153
C4,4,43.60314957421209
C4,5,38.7296913366704
C4,6,31.85117685485174
C4,7,26.681298183468382
C4,8,25.931851199313975
C4,9,25.611776326638193
C4,10,24.26448897356465
C4,11,23.07848046451958
C4,12,21.262763336733922
C4,13,23.42940566459631
C4,14,23.364984514309466
C4,15,23.71900457935288
C4,16,24.49851087281447
C4,17,25.25617917281177
C4,18,25.236288481409733
C4,19,24.466059566379478
C4,20,24.605404432223605
CP4,0,34.96974477343207
CP4,1,37.46986735091593
CP4,2,36.70508882921744
CP4,3,35.62525557799839
CP4,4,35.51626617127963
CP4,5,34.509158772566444
CP4,6,32.94821086733242
CP4,7,30.058516062596254
CP4,8,28.540340346113837
CP4,9,28.293182593116782
CP4,10,27.802446288072957
CP4,11,26.563587233720476
CP4,12,25.344276092038026
CP4,13,25.333620629318965
CP4,14,23.290119332967283
CP4,15,23.31300430690844
CP4,16,23.226939203859146
CP4,17,26.131456016056337
CP4,18,25.980355425445524
CP4,19,25.43746035230386
CP4,20,25.634272828055824
CP3,0,38.52107566456241
CP3,1,41.54953958970698
CP3,2,41.31673805864668
CP3,3,39.59593963061974
CP3,4,39.18565213497036
CP3,5,36.01101682563757
CP3,6,31.937758358896886
CP3,7,31.42171354277236
CP3,8,29.604051834168867
CP3,9,29.062403354340425
CP3,10,29.55769926555735
CP3,11,29.8911883609452
CP3,12,29.35583972996792
CP3,13,27.483453695696518
CP3,14,24.57520662472401
CP3,15,24.684566935884746
CP3,16,23.8378165581942
CP3,17,22.740709629334958
CP3,18,23.21779621295436
CP3,19,22.754773220468728
CP3,20,22.855049208385793
C3,0,41.14614534014642
C3,1,43.95923895809502
C3,2,43.07569981325672
C3,3,41.84052946623421
C3,4,41.48129645257626
C3,5,40.10491193012612
C3,6,37.97405322208979
C3,7,33.98409051663655
C3,8,31.514595068787536
C3,9,31.929032946958664
C3,10,30.706464627181344
C3,11,30.81295893860268
C3,12,30.008232172220165
C3,13,30.28259649964539
C3,14,28.704170938021946
C3,15,28.68146933593646
C3,16,27.852592789871146
C3,17,27.97672251694717
C3,18,27.848342821507437
C3,19,28.34563838900188
C3,20,28.284212155933282
F5,0,37.696608416898044
F5,1,40.083084362399894
F5,2,39.03937998850515
F5,3,38.66928966815707
F5,4,38.112130056198794
F5,5,36.02383398255352
F5,6,34.18652890052038
F5,7,32.36082582096417
F5,8,30.904744949865655
F5,9,27.70453897046376
F5,10,28.652025585886598
F5,11,29.17811742307927
F5,12,28.63740391591364
F5,13,28.353322446738943
F5,14,27.21165736370947
F5,15,26.70093761788071
F5,16,25.922103832278047
F5,17,26.10480739933014
F5,18,25.902138579606806
F5,19,25.22149503809063
F5,20,25.304091496984668
PO3,0,39.78881551125643
PO3,1,42.37651855787802
PO3,2,42.45892556008738
PO3,3,41.40575323965916
PO3,4,39.8688479193078
PO3,5,31.323658721749133
PO3,6,31.628097447555227
PO3,7,27.698722494032868
PO3,8,27.01783844580046
PO3,9,24.996797708666026
PO3,10,26.531143732364644
PO3,11,25.92319727408201
PO3,12,25.802718278083884
PO3,13,25.262451031572837
PO3,14,24.39530685049676
PO3,15,24.853257165977567
PO3,16,24.583608083769075
PO3,17,23.77082146347337
PO3,18,24.36019248477207
PO3,19,23.507246788319197
PO3,20,23.02060399682404
PO4,0,52.148772111998156
PO4,1,55.10789802760867
PO4,2,55.16190577783631
PO4,3,53.427468904364744
PO4,4,52.485042670924315
PO4,5,46.9671177826616
PO4,6,44.21476281046562
PO4,7,42.98033448152069
PO4,8,41.30449484486677
PO4,9,38.68708689056514
PO4,10,36.7546860395625
PO4,11,34.93012745063815
PO4,12,35.060043548701636
PO4,13,33.21592468161355
PO4,14,31.561550908153272
PO4,15,30.50786153632628
PO4,16,30.276995739007255
PO4,17,30.153444141094944
PO4,18,30.21830398037411
PO4,19,29.565756846717367
PO4,20,26.22983807314368
F6,0,37.312380360445204
F6,1,39.90927666526697
F6,2,38.85699136852541
F6,3,38.72709477568883
F6,4,38.75792005766278
F6,5,38.64223904896438
F6,6,35.64541639232567
F6,7,35.038756673573076
F6,8,33.839241537481215
F6,9,33.57894264009762
F6,10,30.04144223062113
F6,11,29.107812324996072
F6,12,29.924332318202723
F6,13,30.689940764300488
F6,14,30.650759573321903
F6,15,30.599401517500006
F6,16,30.8756722844822
F6,17,31.160797953111725
F6,18,31.31410461900505
F6,19,31.17328631491153
F6,20,29.976486694827372
C4,0,43.17755940617439
C4,1,46.08582830505432
C4,2,46.06456866398253
C4,3,43.56596649501307
C4,4,43.273800404961705
C4,5,38.89294873560389
C4,6,31.48641348287963
C4,7,30.204324066730766
C4,8,27.61989725854026
C4,9,27.72305338053401
C4,10,24.685862018654653
C4,11,25.028196683261562
C4,12,26.342058197814303
C4,13,25.182823357336623
C4,14,25.98100199333051
C4,15,26.550016912540144
C4,16,25.715857407239685
C4,17,25.40149185620457
C4,18,25.961853314661706
C4,19,25.22785195842942
C4,20,24.328712590075913
CP4,0,32.79281195660759
CP4,1,36.64563433196402
CP4,2,35.405418609320854
CP4,3,35.12285473041958
CP4,4,35.26217165808736
CP4,5,35.31025053622274
CP4,6,32.89752321387061
CP4,7,32.10567812786293
CP4,8,30.938505295365925
CP4,9,26.981505618704137
CP4,10,27.398857469951107
CP4,11,26.708876037950024
CP4,12,26.63953231942991
CP4,13,26.41100110845475
CP4,14,22.995194774261133
CP4,15,22.09583545177882
CP4,16,22.348297881568392
CP4,17,22.91108910054382
CP4,18,24.19127383039628
CP4,19,23.921706190138472
CP4,20,23.744938739013985
CP3,0,47.35876797673263
CP3,1,50.19114790142018
CP3,2,49.99611567672643
CP3,3,48.548380849314476
CP3,4,47.381185036065325
CP3,5,38.01101405264476
CP3,6,36.930127220994045
CP3,7,33.528068941924644
CP3,8,32.84180687776133
CP3,9,30.92353619871012
CP3,10,31.83239425136527
CP3,11,30.64022394399817
CP3,12,30.398710520212017
CP3,13,30.456115637112376
CP3,14,27.68717290936863
CP3,15,27.210764681801486
CP3,16,28.11073077896308
CP3,17,24.258484754642993
CP3,18,24.16587971950531
CP3,19,25.33954776045381
CP3,20,24.137842862837626
C3,0,61.17503636323673
C3,1,64.0788849163099
C3,2,63.521342676736836
C3,3,61.49658796583437
C3,4,61.23179808207397
C3,5,54.931701298246054
C3,6,49.503996335475804
C3,7,47.76942699377494
C3,8,45.42608774417063
C3,9,44.24631698933736
C3,10,42.3905232929895
C3,11,42.06351172186749
C3,12,41.026165474364724
C3,13,40.23251958690453
C3,14,39.64932812027302
C3,15,38.51746578396488
C3,16,37.532500651406764
C3,17,37.0159289284874
C3,18,36.21032601761889
C3,19,35.86501297137232
C3,20,35.285607015081894
F5,0,44.320548221451695
F5,1,47.2509856851191
F5,2,46.5395393998298
F5,3,44.59544728729915
F5,4,44.382985395574586
F5,5,37.71647282064117
F5,6,33.03470874416986
F5,7,32.68741513195566
F5,8,30.95622206001019
F5,9,31.878678341672057
F5,10,32.21743882199964
F5,11,32.22422294930043
F5,12,31.238711187433992
F5,13,31.830302602773884
F5,14,27.399126919814833
F5,15,27.7152691910012
F5,16,26.94293348078217
F5,17,28.5831084713531
F5,18,27.141287875726697
F5,19,25.307471077656494
F5,20,25.04094994022093
PO3,0,46.114232965433544
PO3,1,48.973738041853736
PO3,2,48.4720411705773
PO3,3,46.1616947503736
PO3,4,46.12861810919852
PO3,5,39.178724337572184
PO3,6,33.77164974549653
PO3,7,30.909931962132884
PO3,8,31.150947960046643
PO3,9,30.81791276251242
PO3,10,31.100052432522066
PO3,11,32.24287640956041
PO3,12,31.497042372502086
PO3,13,30.965443397244474
PO3,14,27.013903004658964
PO3,15,26.132588941565302
PO3,16,26.502013150784954
PO3,17,24.865312434344254
PO3,18,23.73186722561725
PO3,19,24.009731786009226
PO3,20,24.169544408719652
PO4,0,53.236294527228495
PO4,1,56.224392541970715
PO4,2,56.09319727037824
PO4,3,54.388611086764925
PO4,4,53.25580337472186
PO4,5,46.3630769030288
PO4,6,42.06898540427503
PO4,7,37.895339301392646
PO4,8,37.812512792488114
PO4,9,35.48098134314638
PO4,10,33.90156174518599
PO4,11,33.66644969237216
PO4,12,32.683959540502286
PO4,13,31.796988606796496
PO4,14,28.726194617026053
PO4,15,27.3365866242127
PO4,16,23.436380174712603
PO4,17,22.687049942534703
PO4,18,23.96025492346798
PO4,19,24.222021913774196
PO4,20,23.9416450522969
F6,0,48.30372168394437
F6,1,51.485503649231326
F6,2,50.3950396900439
F6,3,49.64541583650217
F6,4,48.302413080901545
F6,5,42.46579630301835
F6,6,39.634018218826306
F6,7,38.339655574466114
F6,8,36.55409733349237
F6,9,37.26420739798671
F6,10,33.629920917952965
F6,11,34.11215056236459
F6,12,34.020866735598716
F6,13,34.169079340236024
F6,14,30.227164982883274
F6,15,29.50239471152917
F6,16,28.990548932121605
F6,17,30.64302723105878
F6,18,29.824958290784565
F6,19,26.635259300826917
F6,20,27.68527171296529
C4,0,49.679989267254285
C4,1,52.60199467399839
C4,2,52.258277274553954
C4,3,50.51917789862508
C4,4,49.37993421387709
C4,5,37.99369038964798
C4,6,36.5869388103921
C4,7,33.56885715087388
C4,8,33.24150849785921
C4,9,32.98067206553319
C4,10,30.243235699734324
C4,11,30.212019448948226
C4,12,28.288785019043836
C4,13,28.797295267684476
C4,14,27.53259498228156
C4,15,27.655401164226696
C4,16,27.107298269013228
C4,17,28.144496630941696
C4,18,27.98032945237878
C4,19,26.73075906962087
C4,20,26.738689835796016
CP4,0,45.821128494433474
CP4,1,48.91323340269078
CP4,2,48.0242713462298
CP4,3,46.78740165613678
CP4,4,46.223560559502985
CP4,5,41.712827419273665
CP4,6,34.86619793543396
CP4,7,36.5869687740651
CP4,8,33.84404135133639
CP4,9,32.19747240435038
CP4,10,32.732619266338425
CP4,11,30.783378339095194
CP4,12,30.15918876525411
CP4,13,29.598851815183117
CP4,14,26.936431157526055
CP4,15,26.92632097887602
CP4,16,27.473602955062244
CP4,17,26.07636836638749
CP4,18,25.413106342914173
CP4,19,26.457522534511405
CP4,20,25.440280840232653
CP3,0,65.90158374245317
CP3,1,68.76814196642958
CP3,2,68.6998673958287
CP3,3,66.85499211529896
CP3,4,65.84672741034413
CP3,5,61.056400761714215
CP3,6,56.16126688502651
CP3,7,51.90007612609968
CP3,8,49.44288324359704
CP3,9,48.126205185589754
CP3,10,48.30726987317405
CP3,11,48.689015648236584
CP3,12,49.004490268535264
CP3,13,49.578587950565336
CP3,14,49.3435244825902
CP3,15,49.61172240146823
CP3,16,49.32034628406802
CP3,17,49.26867549449276
CP3,18,48.78487015551219
CP3,19,48.52600218510638
CP3,20,47.9366297460612
C3,0,82.82861909646273
C3,1,85.69616023268162
C3,2,85.6405562075193
C3,3,83.80569628956523
C3,4,82.77379813438559
C3,5,77.82610052410037
C3,6,72.9983511993533
C3,7,68.41878587963413
C3,8,66.33150458097772
C3,9,64.4958913529282
C3,10,64.39468745286423
C3,11,64.88434878848553
C3,12,65.09971450181781
C3,13,65.72137447849491
C3,14,65.6363267102358
C3,15,65.94989012680006
C3,16,65.59522328759459
C3,17,65.61708794856658
C3,18,65.07712821950312
C3,19,64.90991148579002
C3,20,64.35141205447854
F5,0,64.78905460778624
F5,1,67.67930173737125
F5,2,67.65979904083213
F5,3,65.80621775123974
F5,4,64.69776390584266
F5,5,58.957133190203464
F5,6,53.622759100684554
F5,7,48.59842832956713
F5,8,46.626032442923346
F5,9,44.10825200160484
F5,10,44.216261331156346
F5,11,44.36719649322146
F5,12,44.440325264510314
F5,13,45.03630682743966
F5,14,45.359563795500264
F5,15,45.880803012533036
F5,16,45.4607599195587
F5,17,45.51944362101651
F5,18,44.90319502452526
F5,19,44.77870698888043
F5,20,44.343422586851446
PO3,0,66.15115450822987
PO3,1,69.00622993830082
PO3,2,68.95965952006758
PO3,3,67.13305506723759
PO3,4,66.07765426711177
PO3,5,61.01320756225252
PO3,6,56.272666305481216
PO3,7,51.50614607942252
PO3,8,49.40591232886729
PO3,9,47.926679693338336
PO3,10,48.009830989480676
PO3,11,48.614476520927354
PO3,12,48.826661893822454
PO3,13,49.53819638313554
PO3,14,49.37370854185978
PO3,15,49.647692431423906
PO3,16,49.281749724505055
PO3,17,49.360856881035716
PO3,18,48.859522702759044
PO3,19,48.70077936588522
PO3,20,48.080339904907454
PO4,0,66.7754290869288
PO4,1,69.66991162558651
PO4,2,69.5570745552524
PO4,3,67.70843253733906
PO4,4,66.75335645587927
PO4,5,62.19270256655136
PO4,6,56.985257567783194
PO4,7,52.69170095003937
PO4,8,50.05388366680819
PO4,9,48.791805563889376
PO4,10,48.09976032913441
PO4,11,48.73171005385417
PO4,12,48.96924048220878
PO4,13,49.67108854479431
PO4,14,49.22542032056455
PO4,15,49.53229840272104
PO4,16,49.26203146807339
PO4,17,49.390929428194255
PO4,18,48.6359237170295
PO4,19,48.63708353021157
PO4,20,48.03589404692982
F6,0,65.6897488873037
F6,1,68.5376580269209
F6,2,68.49196651818879
F6,3,66.67861024331403
F6,4,65.67078930660394
F6,5,60.95979359108661
F6,6,56.693662051965774
F6,7,52.4712903007304
F6,8,50.90328680130697
F6,9,48.2360428755281
F6,10,48.05241345888196
F6,11,48.28989121028495
F6,12,48.532114221051216
F6,13,48.912820630021045
F6,14,49.086440052771785
F6,15,49.32854678628224
F6,16,48.91701661914361
F6,17,48.873499148964086
F6,18,48.52247388067379
F6,19,48.27409756157958
F6,20,47.783136163254376
C4,0,65.6820755262153
C4,1,68.53450426433456
C4,2,68.49185146330572
C4,3,66.66944505231936
C4,4,65.62953417703025
C4,5,60.690050399370364
C4,6,56.14951463678187
C4,7,51.461873523421026
C4,8,49.80068817823728
C4,9,47.75963389298734
C4,10,47.675383686695895
C4,11,48.38488346198956
C4,12,48.63490759234084
C4,13,49.179537775727766
C4,14,49.18415579434207
C4,15,49.474294315444524
C4,16,49.089812958578165
C4,17,49.04294472206739
C4,18,48.47814028417667
C4,19,48.165318136357584
C4,20,47.60285726220975
CP4,0,66.46035631167382
CP4,1,69.32530981481273
CP4,2,69.2692779050412
CP4,3,67.43517204800862
CP4,4,66.39694276183221
CP4,5,61.44924081012033
CP4,6,56.61236047906999
CP4,7,51.90568314789155
CP4,8,49.842685080930096
CP4,9,48.259091627660744
CP4,10,48.103619780502235
CP4,11,48.58433027730685
CP4,12,48.65839807394191
CP4,13,49.34052755158703
CP4,14,49.106563675025676
CP4,15,49.456363249782946
CP4,16,49.106619705019426
CP4,17,49.181314100374266
CP4,18,48.66336055314457
CP4,19,48.576202302080105
CP4,20,48.04389909838253
CP3,0,52.95460110955304
CP3,1,55.605070974693085
CP3,2,55.02611077509953
CP3,3,53.73002903195847
CP3,4,52.814923464702716
CP3,5,48.11471006632489
CP3,6,46.21121153082569
CP3,7,44.07259424019568
CP3,8,43.27572837574532
CP3,9,41.924166872783665
CP3,10,41.43894510605003
CP3,11,39.683185862468015
CP3,12,38.62216073143073
CP3,13,37.62359497105629
CP3,14,33.455669628018896
CP3,15,32.8555181423422
CP3,16,28.85809973106778
CP3,17,31.049624969666894
CP3,18,30.998839456008508
CP3,19,32.10083779335167
CP3,20,32.26988943031178
C3,0,70.92148408105965
C3,1,73.69399390947353
C3,2,73.35744760537841
C3,3,71.78802249351199
C3,4,70.81033076392946
C3,5,63.98578598784006
C3,6,62.38699936142979
C3,7,60.57624177610918
C3,8,60.21758492113594
C3,9,58.60174525091513
C3,10,57.5178154597954
C3,11,55.372190696845635
C3,12,54.05002023116638
C3,13,52.64911346786022
C3,14,48.32585601936874
C3,15,48.76588580278212
C3,16,43.98691880573388
C3,17,45.08616885160613
C3,18,44.47035308982659
C3,19,47.04204797391347
C3,20,47.05296835475265
F5,0,51.35352896154068
F5,1,54.03443022292191
F5,2,53.87108494563339
F5,3,52.20143489532424
F5,4,51.342003472082915
F5,5,44.26290263243697
F5,6,43.378857981415436
F5,7,41.37947900450353
F5,8,40.87207923498687
F5,9,39.315343860731524
F5,10,37.73447127723743
F5,11,35.32360845984258
F5,12,33.75651382917242
F5,13,32.48919457488182
F5,14,29.859251726962306
F5,15,29.867698652459783
F5,16,25.758372167984763
F5,17,25.52706282613186
F5,18,23.80499603480952
F5,19,27.715496674008683
F5,20,27.669467851089287
PO3,0,54.45917066385859
PO3,1,57.18687948807044
PO3,2,56.63721044930256
PO3,3,55.18653877062249
PO3,4,54.30419809224317
PO3,5,48.75182147314354
PO3,6,46.35641161690788
PO3,7,43.86170170122958
PO3,8,43.691541150033345
PO3,9,41.72678429289637
PO3,10,41.32415531657653
PO3,11,40.02926677413534
PO3,12,39.050408491103084
PO3,13,38.382811241445054
PO3,14,33.86163415928189
PO3,15,33.498911634517306
PO3,16,29.74910841946802
PO3,17,31.195572621960764
PO3,18,30.071306791153223
PO3,19,31.01043680924999
PO3,20,31.393611431197623
PO4,0,57.552110207401526
PO4,1,60.454026374017616
PO4,2,60.20296254597015
PO4,3,58.3409316301156
PO4,4,57.34654862651357
PO4,5,48.11780538133157
PO4,6,46.605327460268455
PO4,7,44.56823827208091
PO4,8,43.56369137699861
PO4,9,42.85932724160473
PO4,10,42.32360768639951
PO4,11,40.99482768153419
PO4,12,40.50979363972743
PO4,13,39.410452366420266
PO4,14,34.3745794996006
PO4,15,34.88328324829025
PO4,16,28.34949232934628
PO4,17,31.556634940817148
PO4,18,31.736079432326658
PO4,19,32.69288914461076
PO4,20,33.04203457965012
F6,0,53.298671831300695
F6,1,56.067469248530415
F6,2,55.95861942634606
F6,3,54.3623212352869
F6,4,53.58280916433735
F6,5,48.34782832041504
F6,6,46.52183386226849
F6,7,46.1502303320809
F6,8,45.95019290027536
F6,9,44.063704064953804
F6,10,41.34730315805374
F6,11,37.6011230032914
F6,12,35.03343003705964
F6,13,33.561559644992734
F6,14,31.59280870932704
F6,15,32.94380551055066
F6,16,30.990673170037823
F6,17,29.474386194254762
F6,18,29.98489064324128
F6,19,32.711795580432906
F6,20,32.453223520441824
C4,0,52.994226643134965
C4,1,55.80797190418413
C4,2,55.39747406331013
C4,3,54.09156634079588
C4,4,53.07742390452443
C4,5,47.520700317505735
C4,6,45.6219841152577
C4,7,44.23403591344691
C4,8,44.29756248317956
C4,9,42.727917515373086
C4,10,41.055365694246234
C4,11,38.25867901125864
C4,12,36.00481780816513
C4,13,33.16469658226139
C4,14,30.029729206857212
C4,15,31.069261903025
C4,16,28.255723262316582
C4,17,28.91965679952513
C4,18,26.999466883766306
C4,19,31.331559800794658
C4,20,30.979111433475857
CP4,0,54.862402675846404
CP4,1,57.61414668039323
CP4,2,57.31441226560163
CP4,3,55.78731122100589
CP4,4,54.680661232919014
CP4,5,47.09679614110407
CP4,6,45.994594136728686
CP4,7,43.621106126423555
CP4,8,42.98284286803039
CP4,9,41.415678611173554
CP4,10,40.94605075314318
CP4,11,39.490980078800426
CP4,12,38.482711223523204
CP4,13,37.0311085005787
CP4,14,33.206454440982846
CP4,15,32.425767114726256
CP4,16,28.287186313270517
CP4,17,30.88164714698457
CP4,18,31.09348917686704
CP4,19,31.862976488456404
CP4,20,32.138333850477046
CP3,0,63.902821293527325
CP3,1,66.78465970144134
CP3,2,66.77146197764868
CP3,3,64.12289841129743
CP3,4,63.78940011218744
CP3,5,58.032502763867306
CP3,6,49.02804853238613
CP3,7,45.867386339404035
CP3,8,37.43792354891444
CP3,9,37.410258904572316
CP3,10,37.81015839648603
CP3,11,38.13120221009985
CP3,12,39.28027858801482
CP3,13,39.566731630217745
CP3,14,37.4162674972431
CP3,15,37.61072883185053
CP3,16,35.42570082684417
CP3,17,34.46199025185
CP3,18,31.656793113261262
CP3,19,32.146814929994655
CP3,20,32.10522916275944
C3,0,81.02667388359443
C3,1,83.91586713367728
C3,2,83.90925787340508
C3,3,81.25980136307122
C3,4,80.91767103393366
C3,5,74.88839802277666
C3,6,66.08923963304575
C3,7,62.879832873383954
C3,8,53.93944244944027
C3,9,53.13362495011581
C3,10,53.26412272194023
C3,11,53.394604638126886
C3,12,54.556684000648204
C3,13,54.332732535456145
C3,14,52.80718991246406
C3,15,52.794683602733244
C3,16,50.54572317458042
C3,17,48.70278009778875
C3,18,46.919437288042374
C3,19,46.41666781700181
C3,20,46.56967937187251
F5,0,63.52627460687469
F5,1,66.45859542065627
F5,2,66.4556209214256
F5,3,63.66573425499949
F5,4,63.41081057868139
F5,5,57.21273094807833
F5,6,47.41763909068083
F5,7,44.71343024860221
F5,8,38.50639460462287
F5,9,36.83242178029265
F5,10,36.535331886943865
F5,11,36.925907978663616
F5,12,36.31942627765098
F5,13,34.75397519479109
F5,14,35.15756490881421
F5,15,33.53802205544757
F5,16,33.07947257590854
F5,17,31.271417734827033
F5,18,30.07784455307219
F5,19,27.656913227596366
F5,20,26.763178763313725
PO3,0,63.798464303377415
PO3,1,66.65741249631971
PO3,2,66.63089546958955
PO3,3,63.97563626316877
PO3,4,63.70730039604527
PO3,5,58.48470512900449
PO3,6,49.424267236801626
PO3,7,45.87765868725795
PO3,8,38.257879664900834
PO3,9,37.43111624789618
PO3,10,38.0121588779896
PO3,11,38.520381316613616
PO3,12,39.61844894929261
PO3,13,39.67926830079844
PO3,14,37.47046802153298
PO3,15,37.970720219262624
PO3,16,35.024923277263966
PO3,17,34.38034160230647
PO3,18,31.000032822995113
PO3,19,31.513453036706707
PO3,20,31.73629372621623
PO4,0,64.90949329865906
PO4,1,67.81157968586272
PO4,2,67.80719153048197
PO4,3,65.15454655259687
PO4,4,64.79204514396704
PO4,5,57.885800790377225
PO4,6,49.595374590671966
PO4,7,46.71445558747078
PO4,8,38.73537358272592
PO4,9,38.47733614309861
PO4,10,38.979390628501676
PO4,11,39.67650529118062
PO4,12,40.6853292717783
PO4,13,40.598507016615784
PO4,14,38.22347257857081
PO4,15,37.91580742656228
PO4,16,35.39998496472816
PO4,17,35.40911275850569
PO4,18,31.534569783384498
PO4,19,31.789046268325624
PO4,20,31.35086210225972
F6,0,64.5257024586973
F6,1,67.40636839243784
F6,2,67.41762048359217
F6,3,64.81547168954806
F6,4,64.42317231578616
F6,5,58.29887053387755
F6,6,50.43900623031456
F6,7,47.066226493810184
F6,8,39.26044356222572
F6,9,38.569703330967556
F6,10,37.88018851213075
F6,11,37.17775769908047
F6,12,37.030861942099676
F6,13,36.0055925366754
F6,14,36.14171538057073
F6,15,35.70655174425022
F6,16,35.257025028587215
F6,17,34.07819520171724
F6,18,35.01323289640314
F6,19,33.330393289038014
F6,20,33.531953561045775
C4,0,64.07387138734948
C4,1,66.94921733218524
C4,2,66.94788632867116
C4,3,64.31079668204455
C4,4,63.96317625603687
C4,5,57.84877423714572
C4,6,49.796909211180854
C4,7,46.83022121296935
C4,8,37.172479747837755
C4,9,37.2654127194988
C4,10,37.16983593441749
C4,11,37.49009295425512
C4,12,38.36898303197346
C4,13,38.02807641112396
C4,14,36.68066267229266
C4,15,36.48787510322614
C4,16,35.46665239321406
C4,17,33.7095937454724
C4,18,33.650155209633546
C4,19,30.306926069216157
C4,20,31.0197212141373
CP4,0,64.19872947512036
CP4,1,67.08941509806567
CP4,2,67.06592275524449
CP4,3,64.52406403767873
CP4,4,64.11160391754093
CP4,5,58.43423531843621
CP4,6,49.3132023709977
CP4,7,46.36744915457621
CP4,8,39.54287520002156
CP4,9,37.05110308633142
CP4,10,36.689780980753866
CP4,11,37.878392472276666
CP4,12,39.08199996515945
CP4,13,39.03805234333642
CP4,14,37.14504549065924
CP4,15,37.39379888390627
CP4,16,34.94421559748252
CP4,17,34.47565676941762
CP4,18,31.142347132289938
CP4,19,32.201849096816744
CP4,20,32.006655094995715
CP3,0,53.18830275763351
CP3,1,56.38565727429638
CP3,2,55.9981233296325
CP3,3,55.33986787107226
CP3,4,55.10585187127451
CP3,5,51.47746319477712
CP3,6,52.20047479978328
CP3,7,51.60971216618858
CP3,8,50.49270536461148
CP3,9,51.486652126303596
CP3,10,51.16488029857001
CP3,11,50.89169622479322
CP3,12,51.442195081155155
CP3,13,51.294896071505214
CP3,14,51.31320084860923
CP3,15,51.90193472344491
CP3,16,51.613508834636555
CP3,17,51.658949039616445
CP3,18,52.115809671757624
CP3,19,51.88653049154006
CP3,20,52.28192025371136
C3,0,69.4253927421879
C3,1,72.25972669230654
C3,2,71.56786859267278
C3,3,70.80127731211728
C3,4,69.90137242006814
C3,5,66.24067624620918
C3,6,62.107826919178166
C3,7,58.934708501758735
C3,8,55.81950580833276
C3,9,56.113616194258626
C3,10,54.36158503897542
C3,11,52.15563959560755
C3,12,53.72690963877779
C3,13,52.11775193012925
C3,14,51.703569172071624
C3,15,53.0574574638452
C3,16,51.20858322374281
C3,17,51.316787016426
C3,18,52.630986153572266
C3,19,50.47098656081636
C3,20,51.39221531357319
F5,0,54.912779877882315
F5,1,57.75759913026807
F5,2,57.05394427624146
F5,3,56.39852931043664
F5,4,55.468011576834755
F5,5,54.68482638839789
F5,6,51.18091436727003
F5,7,51.36707732288568
F5,8,52.14612016741178
F5,9,50.953135258001765
F5,10,51.43146886008242
F5,11,52.04229540062226
F5,12,51.4138198659996
F5,13,52.034322009236874
F5,14,52.30250459639281
F5,15,52.12207065097822
F5,16,52.59991557260183
F5,17,52.50653831029937
F5,18,52.478914906174154
F5,19,52.90093954129396
F5,20,52.94825129595012
PO3,0,51.84787178836575
PO3,1,54.994727360716325
PO3,2,54.355240015359136
PO3,3,54.35096183091663
PO3,4,54.440901695295935
PO3,5,52.33930450192986
PO3,6,52.641406854433114
PO3,7,51.80769341141737
PO3,8,51.370777789308626
PO3,9,52.02330046508422
PO3,10,51.89072201861238
PO3,11,51.578533241249794
PO3,12,51.926267382071174
PO3,13,51.73201481862428
PO3,14,51.68140722060617
PO3,15,52.056318461085965
PO3,16,51.78451349636873
PO3,17,51.73173572967667
PO3,18,52.08564926132213
PO3,19,51.850655057032185
PO3,20,52.15494765428158
PO4,0,55.453335721163754
PO4,1,58.44646645403661
PO4,2,57.57194644586116
PO4,3,57.24968028232069
PO4,4,56.667692008988375
PO4,5,53.789323151943755
PO4,6,52.390005259247616
PO4,7,51.42635227774594
PO4,8,50.133378661086155
PO4,9,51.26460296228886
PO4,10,50.96642176949136
PO4,11,50.911251304365734
PO4,12,51.73085736046116
PO4,13,51.43290036104013
PO4,14,51.466899765146806
PO4,15,52.15812867333996
PO4,16,51.79665355484335
PO4,17,51.976706682427704
PO4,18,52.44244238982864
PO4,19,52.07537441446634
PO4,20,52.48914969457941
F6,0,54.6852023374617
F6,1,57.502535074917034
F6,2,57.32785822251917
F6,3,56.57868303789387
F6,4,56.46416767943735
F6,5,56.69599645527421
F6,6,55.34808859457199
F6,7,55.45617616971533
F6,8,55.90997971934469
F6,9,55.51095038434223
F6,10,55.9154412417186
F6,11,56.10618992879489
F6,12,55.768899722782436
F6,13,56.12087587453512
F6,14,56.13472551712249
F6,15,56.13296727999547
F6,16,56.40725738930655
F6,17,56.33313464784489
F6,18,56.31480087705681
F6,19,56.576887694782144
F6,20,56.616255059101405
C4,0,53.27443408850706
C4,1,55.78897503631305
C4,2,55.54723338497738
C4,3,54.71948145586572
C4,4,53.454038056352395
C4,5,50.309512548717095
C4,6,48.31221265606636
C4,7,46.35385390907278
C4,8,47.375933504695794
C4,9,46.01392325214935
C4,10,46.254597786907155
C4,11,46.711843968942574
C4,12,45.656070328139215
C4,13,46.34976011953573
C4,14,46.34996395820692
C4,15,45.770103766399394
C4,16,46.46532549520548
C4,17,46.420388008965574
C4,18,46.086686788082275
C4,19,46.78370990774339
C4,20,46.99610545480569
CP4,0,51.22300745339132
CP4,1,54.273742944120045
CP4,2,53.68154625271275
CP4,3,52.98849274384456
CP4,4,53.66918610531995
CP4,5,51.279275523409744
CP4,6,51.58763555240415
CP4,7,51.4178550097283
CP4,8,50.421411439826414
CP4,9,51.32093749092089
CP4,10,51.19136971054087
CP4,11,50.93173024825158
CP4,12,51.4308397444468
CP4,13,51.28396151780623
CP4,14,51.25655081088973
CP4,15,51.776161022908205
CP4,16,51.549513270108974
CP4,17,51.629967211895575
CP4,18,52.050525913641465
CP4,19,51.859175519320154
CP4,20,52.169400865081556
CP3,0,65.97141317991303
CP3,1,68.97933838570881
CP3,2,68.90593005318665
CP3,3,65.81349914627839
CP3,4,65.88893684538549
CP3,5,61.79128622241555
CP3,6,50.386609201903184
CP3,7,48.338692538625935
CP3,8,46.01887985181676
CP3,9,46.175937681397514
CP3,10,45.63610507526373
CP3,11,45.273775744314555
CP3,12,44.18016061587494
CP3,13,43.765997335995344
CP3,14,43.47278246382952
CP3,15,42.875531486623316
CP3,16,43.204283451000364
CP3,17,42.48876335153648
CP3,18,40.46367264457374
CP3,19,41.79034681355941
CP3,20,41.901879212320345
C3,0,82.70400672600013
C3,1,85.71530045337921
C3,2,85.64344713820395
C3,3,82.53042376888362
C3,4,82.62633495236597
C3,5,78.5367200245158
C3,6,67.20143062030971
C3,7,65.2680634613486
C3,8,62.89083288787581
C3,9,62.879025301235515
C3,10,62.25484090383519
C3,11,61.63335332620604
C3,12,60.7296723439369
C3,13,60.38430144617408
C3,14,60.229120905214884
C3,15,59.39423646539694
C3,16,59.7648412352366
C3,17,59.46355412002809
C3,18,57.45996833477173
C3,19,58.451716943313706
C3,20,58.56251038682874
F5,0,65.247773948187
F5,1,68.25772050645513
F5,2,68.18388076801442
F5,3,64.94173749011017
F5,4,65.1457451410581
F5,5,60.80985997325706
F5,6,49.20568976835551
F5,7,46.82161069059083
F5,8,44.41509130601319
F5,9,44.373896885639034
F5,10,43.44376304534181
F5,11,42.200085178152804
F5,12,41.32708481899841
F5,13,40.96194467243508
F5,14,40.879774999680066
F5,15,40.1054821076402
F5,16,40.46956292747985
F5,17,40.559952788547704
F5,18,37.93589386062514
F5,19,39.27667799030252
F5,20,39.307661207321715
PO3,0,65.76813773053993
PO3,1,68.78095756500313
PO3,2,68.70696442454845
PO3,3,65.60854673809537
PO3,4,65.69188964125775
PO3,5,61.67424937556908
PO3,6,50.282770135172996
PO3,7,48.133729171741564
PO3,8,46.02248842187162
PO3,9,45.98288639586784
PO3,10,45.641556164040374
PO3,11,45.504035534226965
PO3,12,44.758366851517515
PO3,13,44.24008551051099
PO3,14,44.04474690373466
PO3,15,43.3403415797473
PO3,16,43.74245088799344
PO3,17,43.26040720333723
PO3,18,41.16564646239059
PO3,19,41.92211448179186
PO3,20,42.086512898525655
PO4,0,65.18257689850253
PO4,1,68.18173336816591
PO4,2,68.10470676711093
PO4,3,65.14066657616203
PO4,4,65.14110999542427
PO4,5,61.304130425300805
PO4,6,49.773832205408766
PO4,7,48.981837865099855
PO4,8,47.16005805846702
PO4,9,46.798970476064284
PO4,10,45.66859588584359
PO4,11,44.55790277602556
PO4,12,44.15732019958325
PO4,13,43.474046786197874
PO4,14,43.370801856751264
PO4,15,42.275939117396895
PO4,16,42.716528534691605
PO4,17,42.576218308991486
PO4,18,41.38090308500307
PO4,19,41.969034564005305
PO4,20,42.172916540736345
F6,0,66.3353202137685
F6,1,69.35397604536074
F6,2,69.28047421210145
F6,3,66.18704551787802
F6,4,66.25223424951055
F6,5,61.93930444790237
F6,6,51.591093853495735
F6,7,49.0219218906411
F6,8,46.588758068396544
F6,9,46.819210739071664
F6,10,46.563986856820776
F6,11,46.060533582463066
F6,12,44.78657954015443
F6,13,44.76184333538633
F6,14,44.30779297806992
F6,15,43.25286584467705
F6,16,43.581064549305125
F6,17,43.568970508366775
F6,18,41.2709064425362
F6,19,42.38491266143352
F6,20,42.638150021602925
C4,0,66.44507322173177
C4,1,69.45543568748383
C4,2,69.39012919269315
C4,3,66.26589643884878
C4,4,66.36293276052439
C4,5,62.18501281699059
C4,6,50.970291737383135
C4,7,49.080811689228426
C4,8,46.56802319778329
C4,9,46.30731218870071
C4,10,45.500964866517506
C4,11,45.16848292037123
C4,12,44.31536084785517
C4,13,44.076675046348235
C4,14,43.96759719000983
C4,15,43.08676559172391
C4,16,43.468978350252726
C4,17,43.4945034098779
C4,18,41.25578021741283
C4,19,42.25757483836894
C4,20,42.26036114480196
CP4,0,65.83075758765509
CP4,1,68.84522566498356
CP4,2,68.7762269576519
CP4,3,65.68131020068071
CP4,4,65.76905813974622
CP4,5,61.87011579209865
CP4,6,50.71045098691332
CP4,7,49.07581923067751
CP4,8,46.53270073863876
CP4,9,46.407402319458086
CP4,10,46.01823415993089
CP4,11,45.21505374694989
CP4,12,44.310030949803846
CP4,13,43.98597846775082
CP4,14,43.693054355246595
CP4,15,42.99754414273316
CP4,16,43.208216753031
CP4,17,42.325632685688824
CP4,18,41.04770357534985
CP4,19,41.827863024419514
CP4,20,41.911776821430315
