CP3,C3,F5,PO3,PO4,F6,C4,CP4
16608.775390625,11750.4892578125,11103.33984375,2491.63818359375,-4369.7880859375,-181048.90625,-27889.341796875,-18209.78515625
-239.1859893798828,7105.03759765625,6156.6083984375,4112.630859375,7430.9931640625,-22879.64453125,9367.4140625,9720.2587890625
19814.283203125,62341.7109375,56783.90625,41987.56640625,70237.265625,124488.6328125,96739.703125,96283.125
60925.70703125,104979.1796875,96895.875,68141.046875,103377.8984375,112684.6953125,124595.25,130058.234375
28191.08984375,29203.623046875,27872.779296875,12454.63671875,10537.326171875,-146665.328125,-8071.638671875,2162.59814453125
949.0996704101562,1967.735595703125,1692.876220703125,308.5210876464844,-979.2074584960938,-79091.7734375,-7728.71826171875,-5666.0322265625
10776.9150390625,43830.04296875,39233.9453125,29612.123046875,50589.94921875,96963.6015625,72209.359375,71223.6484375
58814.875,109041.515625,99813.3828125,73195.0,112945.6796875,149366.390625,140522.8125,144187.578125
42671.53125,53064.21875,50121.76953125,28011.716796875,35086.71484375,-84005.1796875,26024.400390625,35947.03125
3755.629150390625,340.90875244140625,708.1702270507812,-2069.7265625,-7250.078125,-133781.953125,-22297.94140625,-18003.45703125
5221.79150390625,28365.634765625,24771.408203125,19097.931640625,33187.91015625,63719.69921875,48886.4765625,47922.2890625
50975.91796875,101899.0625,92246.265625,69942.828125,109181.265625,161031.3125,139344.71875,141478.40625
57161.62890625,80158.21875,74680.140625,47898.08203125,66960.609375,220.2764129638672,70416.8359375,78802.8984375
10425.478515625,4897.57958984375,5565.1142578125,-1189.69384765625,-8360.37890625,-168744.40625,-28611.056640625,-22019.52734375
2279.609375,15135.7724609375,12780.79296875,9990.423828125,17543.79296875,19426.837890625,25683.89453125,25253.19921875
36491.98828125,83681.5,75175.546875,58173.29296875,92810.1953125,149750.28125,122146.7890625,122648.765625
63634.8046875,100291.75,92992.25,63952.3125,94429.8515625,75944.671875,109614.4375,116005.4765625
20996.197265625,17316.341796875,17126.9765625,5219.310546875,-341.177001953125,-172597.609375,-21881.52734375,-12728.2216796875
1129.6123046875,6391.3017578125,5228.36279296875,3799.416015625,5948.46923828125,-36161.07421875,5672.00048828125,6450.4443359375
23977.138671875,63210.14453125,55721.68359375,44415.4375,71816.2109375,125254.9375,97222.765625,96962.9296875
68404.2421875,114053.828125,104024.8515625,76579.1484375,115028.140625,134212.109375,139074.890625,143776.53125
33729.71875,37566.21484375,36546.7734375,17632.57421875,18723.427734375,-123662.3046875,4578.4638671875,13374.90234375
1725.062744140625,1552.3284912109375,1589.141845703125,-320.2557678222656,-2550.847900390625,-88251.5859375,-10657.8916015625,-8601.6435546875
12945.279296875,42675.35546875,36960.37109375,29876.65625,49467.84765625,93235.328125,69618.9453125,68849.5546875
61532.01953125,112359.0078125,101979.1328125,77202.2265625,118203.34375,160742.78125,147321.40625,150285.71875
48190.98046875,61970.828125,58577.56640625,34494.1484375,45037.84375,-60693.83203125,39724.51953125,48882.3203125
5568.3330078125,1125.52197265625,1594.1708984375,-2105.7353515625,-8151.09912109375,-149144.171875,-25143.49609375,-20227.544921875
6373.46484375,26546.89453125,22437.482421875,18419.533203125,31040.9375,54632.3046875,44832.72265625,44152.04296875
55156.4765625,103950.1484375,92121.40625,73290.7578125,112389.65625,166192.15625,142336.859375,144546.65625
66555.6640625,91577.1875,84059.4921875,57427.30078125,80331.9609375,28024.927734375,87356.6640625,95066.2734375
13928.1083984375,8429.3779296875,9332.6796875,529.4010009765625,-6351.5380859375,-166571.484375,-26026.078125,-19743.205078125
2947.6806640625,13484.671875,11018.783203125,9087.32421875,15303.74609375,9480.0,21544.77734375,21350.31640625
40237.4921875,83893.734375,73198.421875,60103.54296875,93532.71875,149992.28125,121698.4609375,122528.1328125
74267.8828125,111320.390625,100887.734375,74191.9765625,107765.390625,101003.6796875,125624.34375,131606.0
25695.09375,23372.166015625,23433.923828125,9032.5400390625,5122.01318359375,-154297.828125,-13112.6494140625,-5438.11181640625
1615.9638671875,5369.91650390625,4401.974609375,3001.593017578125,4144.884765625,-43766.41015625,2531.737060546875,3277.18994140625
24644.13671875,60997.65625,52713.72265625,43639.20703125,69577.1015625,121637.0390625,93843.046875,93642.890625
72787.9140625,119225.0625,107479.3359375,81896.890625,122148.203125,148727.15625,147879.09375,152223.0
39229.51953125,45264.22265625,43689.83203125,23062.572265625,26681.876953125,-104488.0703125,15478.15625,23719.84765625
2591.0810546875,1231.26806640625,1506.7979736328125,-855.4235229492188,-4091.3076171875,-100981.34375,-14045.3876953125,-11724.8740234375
16287.6474609375,42015.6640625,34919.41015625,30426.845703125,48553.8828125,88406.8828125,66875.1171875,66600.65625
74535.3046875,121400.8671875,106082.640625,87011.734375,128931.4375,174496.0625,157762.578125,161434.109375
61607.32421875,76144.0234375,70319.3359375,46230.82421875,60664.7265625,-25948.763671875,59980.09375,67602.265625
7622.36865234375,2949.4912109375,4233.5986328125,-1570.9698486328125,-7784.1728515625,-141670.453125,-23386.44921875,-19833.19140625
10384.708984375,27071.267578125,21631.880859375,19702.703125,31339.265625,51612.609375,43494.30078125,43305.80859375
66792.5703125,111703.9453125,95684.5234375,81906.546875,121685.71875,177515.5625,151388.5,153984.6875
80636.453125,107249.3984375,97001.8203125,70705.578125,98421.984375,63279.14453125,110097.1015625,116347.7265625
17552.77734375,13151.2734375,15032.4404296875,2836.43603515625,-3083.333251953125,-153016.671875,-19768.685546875,-15526.97265625
6333.63427734375,14468.9755859375,11021.666015625,10397.8515625,15867.0771484375,5235.26953125,20668.6328125,20789.19921875
55999.49609375,93292.59375,77193.7109375,70120.9921875,103533.0,159532.5,130359.71875,132306.203125
97867.5,131946.84375,115548.0234375,92801.28125,130745.3515625,137009.859375,151695.953125,157180.875
34477.046875,33572.875,34261.12890625,15609.3837890625,14399.841796875,-121323.890625,2376.504150390625,6474.38330078125
4217.17041015625,5787.87158203125,4620.8427734375,3362.35009765625,3538.5712890625,-44543.109375,1056.5892333984375,1381.136474609375
48950.515625,74295.4453125,57320.484375,58123.671875,83543.3671875,131990.90625,104506.578125,106669.7109375
119366.078125,153455.21875,126952.640625,115568.5390625,159921.078125,193850.890625,185648.828125,191336.78125
63336.609375,68301.1796875,63759.05859375,41878.6015625,50661.49609375,-41348.6640625,49353.65234375,51634.46875
4830.25634765625,3005.281005859375,4379.3095703125,-247.43377685546875,-3756.031494140625,-76742.7578125,-10283.1875,-11240.2666015625
51825.375,62888.14453125,42809.12890625,52311.390625,70209.234375,104327.9375,83337.109375,87285.1171875
167931.15625,186026.21875,137859.4375,151947.953125,198367.0625,243260.734375,221456.65625,231190.921875
130807.984375,132228.75,108311.6875,97462.2890625,119819.7109375,77817.390625,129219.171875,130607.8203125
15374.2880859375,10996.7890625,14136.515625,3218.5166015625,-2479.769287109375,-83903.453125,-7332.28759765625,-13456.3740234375
37695.02734375,42238.421875,26770.32421875,35674.25,46546.65234375,64251.2421875,54271.4140625,57279.17578125
165589.65625,177341.5625,125349.28125,148691.40625,191172.4375,240956.84375,212420.421875,223022.1875
183487.03125,184973.921875,142535.0625,145080.953125,180869.0,173300.9375,196301.6875,201514.703125
45092.55859375,36958.76171875,36142.6328125,21794.69140625,17384.669921875,-77524.2890625,13918.18359375,6300.576171875
19091.62890625,20741.9921875,13288.1328125,16985.2890625,21015.173828125,12783.609375,23963.056640625,23893.720703125
132183.546875,142478.265625,98013.546875,120741.046875,155294.734375,203305.875,173882.921875,183271.859375
204823.9375,210443.109375,157747.625,169516.8125,214510.140625,233484.625,234085.90625,242580.921875
81244.515625,72817.546875,64126.51953125,49335.27734375,51955.05859375,-33060.70703125,52515.37109375,46577.36328125
9231.2919921875,8102.48388671875,6855.32373046875,5110.07763671875,3473.1923828125,-35532.8984375,2169.97412109375,-1278.0726318359375
92330.75,100455.3671875,66734.5703125,85742.3125,110729.96875,151448.921875,125356.390625,132763.578125
206578.984375,215320.4375,156831.375,177442.078125,226140.1875,262904.5,247523.4375,258187.625
123192.1171875,116717.9375,95331.6796875,85976.8671875,99855.0859375,39120.0859375,105609.296875,103329.484375
11846.177734375,7720.47021484375,9449.958984375,2865.672119140625,-2659.276123046875,-71145.390625,-6798.5283203125,-13155.162109375
59142.0390625,64948.28125,41819.2578125,55502.8828125,71932.2890625,100588.203125,82519.3671875,87514.984375
191376.484375,201816.640625,143888.375,168757.75,215814.15625,262508.75,237567.8125,248885.328125
161647.75,159006.375,124851.3984375,122168.5859375,148694.765625,117856.6015625,160270.578125,161938.90625
25875.001953125,19052.19921875,20837.6796875,9335.16015625,2658.069091796875,-86962.8515625,-1939.639404296875,-10209.8955078125
34276.88671875,37740.625,23786.365234375,31989.634765625,41163.19140625,51548.97265625,47537.19140625,49802.71875
163392.328125,174181.578125,121900.234375,147037.890625,188544.140625,238579.75,209220.15625,219944.5625
194152.5,196366.59375,149840.46875,155668.03125,194703.296875,194742.1875,211517.453125,217406.1875
54022.91015625,45610.16015625,43276.30078125,28252.244140625,24998.45703125,-69529.296875,22563.345703125,14383.345703125
16782.849609375,17691.046875,11605.8515625,14249.4365234375,16877.80078125,737.3392333984375,18746.16015625,17757.498046875
126545.2109375,136183.734375,92752.734375,116034.3046875,149035.875,196114.8125,166875.84375,176093.125
210570.03125,217050.984375,161347.8125,176257.75,223430.5625,247830.28125,243873.421875,252966.4375
92839.5703125,84772.0859375,73137.3359375,58985.3984375,64209.40234375,-15933.0595703125,66261.7578125,60574.94140625
9131.8486328125,7229.15673828125,6987.35546875,3979.25830078125,1057.7291259765625,-47105.22265625,-1208.134033203125,-5774.662109375
85283.453125,92753.0,61021.1953125,79412.765625,102541.0546875,140967.578125,116282.75,123287.0703125
206687.34375,215964.703125,156152.3125,178953.359375,228327.9375,268526.6875,250145.890625,261153.890625
134952.265625,129418.53125,104301.5859375,96699.265625,114096.2109375,60855.1640625,121521.90625,119932.0234375
14700.0478515625,9827.6806640625,11825.255859375,3871.567626953125,-2318.031982421875,-78552.78125,-6844.72900390625,-14202.2294921875
52912.94140625,58078.41015625,37051.36328125,49694.62890625,64362.21875,88858.4296875,73937.0390625,78328.8203125
187062.6875,197678.265625,139811.359375,166123.015625,212557.546875,260729.09375,234215.390625,245586.140625
171858.65625,170549.53125,132488.59375,132409.265625,162556.015625,139944.859375,175701.65625,178258.671875
31810.328125,24532.087890625,25660.9609375,12994.3642578125,6614.26025390625,-86565.6796875,2368.25634765625,-6499.4619140625
29562.234375,32354.75,20307.541015625,27356.921875,34866.63671875,39022.3203125,40099.359375,41597.23828125
156421.125,166960.0625,115869.6875,141483.03125,181436.6875,231360.90625,201628.765625,212172.453125
201061.40625,204518.03125,154832.65625,163174.59375,205116.296875,212167.96875,223258.625,229905.28125
62911.34765625,54523.0078125,50398.10546875,34815.8125,33232.50390625,-59469.46875,31927.138671875,23687.326171875
14371.5439453125,14601.4765625,9981.908203125,11395.96875,12602.626953125,-11680.2158203125,13374.09765625,11409.4462890625
118562.0859375,127706.5390625,86147.3203125,109194.5390625,140233.9375,185925.5625,157262.203125,166141.796875
213099.421875,220585.40625,162861.78125,180053.40625,228833.0,258083.765625,250060.0625,259636.6875
103443.6171875,96055.1328125,81547.265625,67947.328125,76066.171875,1874.0594482421875,79743.6171875,74486.015625
77922.734375,84750.296875,55226.953125,72734.734375,93941.8203125,129609.7734375,106735.7578125,113276.2578125
204708.34375,214443.28125,153971.203125,178526.421875,228057.90625,271022.875,250126.109375,261393.875
145377.8125,140937.875,112307.2421875,106515.8203125,127329.421875,81873.625,136351.375,135532.765625
17981.26171875,12523.099609375,14622.46484375,5381.11474609375,-1218.728759765625,-82881.6640625,-5931.50390625,-14080.3232421875
46861.74609375,51399.37109375,32490.939453125,44005.39453125,56920.1640625,77022.71875,65406.40625,69193.3515625
181971.984375,192662.46875,135209.359375,162560.703125,208173.21875,257418.90625,229628.078125,241026.921875
183148.609375,183115.21875,140382.46875,143944.96875,178060.859375,164330.15625,192564.4375,196319.453125
40217.9140625,32560.20703125,32130.78515625,19049.65234375,13648.15234375,-80552.703125,9844.4443359375,748.1351318359375
24301.08203125,26404.201171875,16537.62890625,22163.09375,27870.69921875,25284.447265625,31845.935546875,32455.802734375
147713.0,157816.6875,107982.78125,134623.359375,172573.59375,221541.140625,191824.75,202174.984375
205889.515625,210385.171875,157369.828125,169359.234375,213407.078125,226390.4375,232407.84375,239720.28125
71472.7578125,63226.91015625,56779.28125,41672.54296875,41745.90234375,-48030.5859375,41474.86328125,33281.65234375
12532.0185546875,12122.3779296875,8774.376953125,9046.353515625,8941.61328125,-23034.54296875,8707.5908203125,5768.42578125
110553.078125,119190.8671875,79559.546875,102288.1171875,131391.09375,175481.25,147601.359375,156140.703125
214125.703125,222465.96875,163013.328125,182541.359375,232488.71875,266122.34375,254403.375,264446.5
113997.640625,107376.6015625,89715.734375,77139.328125,88286.9921875,20698.80859375,93572.484375,88878.2109375
10408.580078125,7140.17431640625,8483.15625,2761.602294921875,-2203.904052734375,-65867.875,-5805.9765625,-12438.8115234375
70466.328125,76746.3125,49505.734375,66007.5546875,85291.96875,117778.6171875,97097.84375,103109.34375
201622.921875,211805.796875,151038.609375,176975.09375,226424.234375,271692.34375,248711.921875,260122.515625
155527.953125,152254.515625,120081.890625,116061.0625,140415.65625,102763.875,151081.25,151023.59375
22122.123046875,16102.2392578125,18066.623046875,7459.55859375,732.9806518554688,-85601.5625,-3891.28173828125,-12786.8955078125
40916.62890625,44880.59765625,28115.919921875,38441.28515625,49596.859375,64853.33203125,57016.5234375,60122.1171875
175310.453125,186098.4375,129577.3125,157657.5,202058.453125,251905.421875,223223.890625,234534.296875
190581.34375,191905.484375,145971.578125,151835.6875,189085.46875,182512.71875,204969.453125,209501.171875
47264.61328125,39400.51171875,37755.578125,23860.865234375,19438.169921875,-75615.6328125,16327.142578125,6917.68505859375
20515.009765625,22023.08203125,13904.7724609375,18256.1875,22446.603515625,12995.0341796875,25357.603515625,25092.19921875
138974.09375,148848.390625,100911.140625,127335.4609375,163396.484375,211577.609375,182030.328125,192074.46875
209480.390625,215201.203125,159788.640625,174063.359375,220297.734375,239056.640625,240327.875,248312.671875
80515.9609375,72588.3515625,63874.19140625,48728.29296875,51007.63671875,-34784.29296875,52078.7109375,44203.87890625
11068.1357421875,10046.4150390625,7933.9072265625,6923.2509765625,5559.146484375,-34185.89453125,4389.83740234375,462.94927978515625
101945.1953125,110147.53125,72860.265625,94797.3828125,121854.703125,163979.125,137215.84375,145328.390625
213517.3125,222724.9375,162238.109375,183452.5625,234218.203125,271626.375,256750.84375,267150.625
124218.3984375,118509.4453125,97730.5078125,86156.0390625,100510.6171875,39689.921875,107381.3671875,103383.3984375
12045.2646484375,8111.53662109375,10011.3447265625,2831.272705078125,-2897.5234375,-73402.0703125,-6950.408203125,-14487.68359375
63049.94921875,68854.046875,44044.28515625,59306.0546875,76704.8046875,105715.6484375,87531.140625,92939.484375
197042.65625,207804.40625,147271.25,174339.703125,223371.34375,270458.46875,245713.34375,257219.359375
164622.65625,162677.515625,127144.5546875,125041.96875,152806.515625,122670.0234375,165008.359375,165800.8125
26860.244140625,20328.060546875,21919.212890625,10066.263671875,3415.4580078125,-86824.3828125,-1043.5804443359375,-10546.5126953125
35388.12890625,38795.73828125,24126.73828125,33147.8125,42633.578125,52692.53125,49026.5546875,51383.14453125
167664.140625,178621.578125,123429.421875,151851.859375,194833.515625,244924.3125,215653.5,226806.65625
196808.703125,199602.484375,150725.859375,158785.359375,198965.59375,199335.203125,216203.21875,221565.421875
54841.05078125,46898.2890625,43778.41015625,29229.841796875,26045.255859375,-68465.3984375,23739.62890625,14254.935546875
17315.267578125,18261.216796875,11792.6005859375,14856.8232421875,17597.16796875,1028.224853515625,19444.205078125,18257.73046875
130314.65625,140088.625,94194.421875,120350.453125,154493.5,201572.90625,172377.453125,182080.625
212223.546875,219221.5625,161773.6875,178357.921875,226357.125,250223.21875,247259.109375,255846.265625
90184.515625,82698.5390625,71495.8203125,56651.0703125,61287.8046875,-19915.87109375,63733.04296875,56281.328125
10129.697265625,8442.4541015625,7499.5234375,5129.65771484375,2492.040283203125,-45397.125,402.5995788574219,-4573.4345703125
92866.390625,100703.203125,66016.875,86860.5234375,111792.0546875,151507.65625,126235.21875,133831.171875
211357.796875,221508.75,160485.015625,183127.34375,234328.4375,274906.25,257297.140625,267978.09375
133757.609375,129094.7890625,105318.546875,94854.84375,112417.015625,58328.12109375,120768.8046875,117494.1015625
14209.2705078125,9657.3603515625,11981.025390625,3317.490234375,-3016.076904296875,-79924.796875,-7416.24072265625,-15835.494140625
190875.65625,202173.984375,142350.390625,170255.765625,218445.875,266976.34375,240741.265625,252269.671875
172827.265625,172361.234375,133559.453125,133551.953125,164634.125,142034.09375,178271.8125,179947.53125
32116.30078125,25201.6328125,26239.58203125,13222.6201171875,6902.8662109375,-86518.8125,2708.628662109375,-7301.0400390625
30015.9296875,32903.1953125,20423.61328125,28019.294921875,35773.76171875,39929.64453125,41030.95703125,42569.0703125
158710.59375,169827.8125,116506.5078125,144938.125,186090.984375,235957.6875,206380.09375,217272.875
201508.796875,205863.234375,154476.125,164781.71875,207438.421875,214188.671875,225819.140625,231925.65625
62786.421875,54931.640625,50122.7734375,35183.609375,33503.7421875,-59454.8515625,32120.19140625,22721.595703125
14464.482421875,14841.19921875,9961.0537109375,11686.4521484375,12999.2587890625,-11084.630859375,13793.9970703125,11661.0380859375
120390.28125,130056.8984375,86716.015625,112118.8203125,144062.78125,189705.140625,161139.0,170401.546875
212680.265625,221137.46875,162206.125,180863.09375,230208.4375,258674.109375,251795.515625,260904.109375
99676.5859375,92961.7421875,79071.3203125,64817.52734375,72110.65625,-3834.351806640625,75899.7421875,69047.8359375
9896.2783203125,7542.3046875,7624.044921875,3798.879638671875,-12.874603271484375,-55923.1875,-2928.56982421875,-8956.8349609375
83893.1953125,91438.515625,59358.625,79090.296875,101919.3125,138931.453125,115394.1953125,122443.3125
207404.09375,218716.90625,157365.40625,181843.578125,232966.75,276249.6875,256058.015625,267005.125
143156.265625,139964.03125,112697.03125,104303.53125,125159.3125,78391.578125,134897.140625,132615.984375
17274.431640625,12151.8818359375,14600.470703125,4568.271484375,-2172.924560546875,-84707.109375,-6716.18408203125,-15814.0361328125
48367.3359375,53272.2265625,33497.640625,45918.01171875,59428.36328125,80049.2578125,68184.1015625,72210.1640625
183164.359375,195116.359375,136509.421875,165101.90625,212002.875,261447.3125,233965.140625,245434.125
179876.515625,181123.734375,139225.5625,141616.015625,175777.765625,160527.453125,190690.84375,193384.859375
38060.74609375,30889.2578125,31057.5,17131.537109375,11400.662109375,-84157.859375,7606.4765625,-2623.669921875
25115.064453125,27508.265625,17096.1328125,23234.501953125,29332.03515625,27217.984375,33519.765625,34186.69921875
148965.796875,160284.046875,109211.03125,137244.015625,176439.796875,225820.078125,196142.96875,206699.9375
204826.75,210917.390625,157275.953125,169981.046875,214889.46875,227457.5625,234148.0,241042.34375
71211.7109375,63649.69140625,56825.68359375,41864.7890625,42056.43359375,-48628.515625,41595.8984375,32593.533203125
12308.1875,12075.640625,8647.5087890625,8999.0126953125,8958.0419921875,-23269.7734375,8709.8037109375,5573.09375
110420.2421875,119972.390625,79351.6796875,103746.5703125,133466.921875,177505.234375,149724.734375,158477.1875
211780.921875,221757.390625,161575.734375,182601.84375,232886.359375,265413.5,254861.5625,264500.40625
109066.328125,103357.984375,86438.40625,73520.4921875,83686.328125,13363.7041015625,88730.9609375,82792.484375
10348.029296875,7371.64892578125,8238.13671875,3049.73876953125,-1706.957763671875,-64869.9609375,-5224.2724609375,-12066.990234375
75021.65625,82276.8984375,52942.1796875,71376.265625,92029.0078125,126007.765625,104476.8671875,110880.7109375
202181.421875,214530.1875,153386.34375,179440.859375,229992.109375,275428.875,253018.078125,264140.65625
151704.46875,150014.9375,119400.4765625,113365.4453125,137368.390625,97528.7421875,148304.234375,147131.765625
20891.994140625,15237.16015625,17603.5390625,6363.60791015625,-580.8323364257812,-88929.7109375,-5308.15869140625,-14946.341796875
41507.25,45950.33203125,28667.115234375,39564.66015625,51146.44140625,66724.5078125,58813.734375,62014.21484375
174425.859375,186893.578125,129768.6953125,158959.84375,204150.234375,254087.34375,225638.6875,236943.9375
185868.90625,188873.921875,143765.125,149298.796875,186175.34375,177613.59375,202027.46875,205812.0
44580.390625,37245.35546875,36123.58984375,21820.708984375,16940.697265625,-79826.6953125,13603.76171875,3526.3671875
20851.693359375,22692.091796875,14245.345703125,18911.65234375,23412.197265625,14785.8779296875,26551.791015625,26373.759765625
138664.78125,150079.1875,101451.46875,129085.3984375,166013.375,214603.203125,184916.453125,195082.6875
206897.15625,214644.78125,158801.125,174481.515625,221094.359375,238930.984375,240936.0,248693.140625
80070.3125,72948.2421875,63589.140625,49442.96875,51728.94921875,-35479.92578125,52259.35546875,44117.2421875
10697.185546875,9854.5029296875,7734.216796875,6750.04736328125,5402.37109375,-34413.61328125,4200.6748046875,202.23855590820312
100204.8515625,109540.078125,71840.21875,95031.203125,122336.625,164380.125,137611.34375,145793.546875
209700.671875,220918.0625,159899.890625,183174.953125,233788.84375,269855.65625,255953.21875,266109.53125
118701.09375,114034.65625,93811.734375,82833.71875,95916.6640625,31516.0234375,102068.78125,97331.8671875
11551.0,7898.30078125,9356.6181640625,2876.53515625,-2764.48583984375,-73410.984375,-6932.50439453125,-14481.380859375
66530.453125,73336.0859375,46789.32421875,63674.90625,82168.265625,112660.359375,93600.78125,99285.9921875
196413.265625,209404.484375,148793.265625,176069.3125,225681.796875,272876.46875,248523.625,259762.09375
160475.890625,160157.65625,125995.296875,122671.703125,149831.484375,117268.859375,161924.625,162088.171875
25500.6328125,19335.978515625,21236.591796875,9077.5341796875,2157.97119140625,-90320.640625,-2593.092529296875,-12393.75
37636.0859375,41690.37890625,25933.33984375,35967.21484375,46149.015625,57129.98046875,52918.84375,55464.59375
167769.890625,180645.5625,125352.1640625,153896.5,197525.453125,248035.328125,218899.375,229871.8125
192094.84375,196718.171875,149485.40625,156328.0625,195886.484375,194097.984375,212968.609375,217784.640625
52164.875,44769.15234375,42515.0234375,27261.1015625,23576.818359375,-73514.0546875,20872.548828125,11138.7451171875
17198.390625,18435.89453125,11879.50390625,15008.2333984375,17932.51171875,1925.0213623046875,19967.638671875,18868.06640625
128298.0390625,139438.328125,93695.9296875,120201.0546875,154656.4375,202178.953125,172785.296875,182442.453125
208336.359375,217227.890625,159834.78125,177659.203125,225601.875,248460.390625,246077.25,254610.703125
89077.234375,82350.2578125,70505.0859375,57114.15234375,61713.13671875,-21484.560546875,63297.5859375,56148.9609375
9661.1826171875,8149.69091796875,7219.9033203125,4895.76904296875,2314.142822265625,-45770.890625,139.07254028320312,-4712.373046875
90238.828125,98999.6640625,64528.78515625,85890.6328125,110705.828125,150345.265625,125060.140625,132572.265625
206617.875,218388.75,157277.03125,181896.6875,232340.71875,271556.75,254663.28125,265224.28125
128222.1953125,124385.1640625,100955.125,91887.515625,107984.9296875,50537.9140625,115329.2890625,111927.640625
13460.5322265625,9114.01171875,11019.587890625,3232.262939453125,-3075.4208984375,-80235.3359375,-7711.8203125,-15772.8642578125
58300.09375,64522.6171875,40911.3984375,55965.296875,72265.6875,98857.9765625,82648.25,87567.8203125
189925.28125,203190.546875,143605.265625,171458.796875,219861.875,268485.5,242493.890625,253774.921875
168701.5,169644.484375,132181.671875,131349.1875,161633.671875,136390.265625,174884.3125,176329.6875
30698.216796875,24090.998046875,25428.951171875,12310.4677734375,5723.029296875,-90037.1953125,1094.274169921875,-8749.6337890625
31958.85546875,35363.046875,21957.166015625,30329.94921875,38669.33984375,43856.33203125,44325.6484375,46043.73828125
159045.34375,171670.5,118378.359375,146623.15625,188176.40625,238596.4375,208990.015625,219690.890625
197729.15625,203454.40625,153493.03125,162823.5625,204813.140625,209713.203125,222941.125,228857.0
60386.44921875,52907.51171875,48861.734375,33500.92578125,31328.134765625,-64712.71875,29312.587890625,20089.677734375
14173.3955078125,14750.205078125,9909.287109375,11580.5048828125,12977.6669921875,-11153.8994140625,13843.1494140625,11797.025390625
118475.71875,129080.171875,86260.4453125,111320.9296875,143332.359375,189391.78125,160655.140625,169775.78125
209523.171875,219158.9375,160511.84375,180045.5,229033.890625,256409.59375,250045.453125,259235.171875
98841.1484375,92548.078125,77975.3671875,65550.4375,72749.5546875,-5220.65185546875,75418.7578125,69302.1796875
9554.3642578125,7346.771484375,7364.87646484375,3748.320068359375,104.13676452636719,-55363.2734375,-2912.4765625,-8516.6845703125
81411.546875,89557.3515625,58019.53515625,77637.28125,100210.2109375,137314.546875,113673.5625,120558.1171875
203849.765625,216044.625,154845.328125,180577.515625,230894.875,272839.46875,253370.984375,264248.5625
137734.1875,134783.078125,108163.03125,100896.7265625,120121.65625,69411.6796875,128681.65625,126463.3359375
16062.0068359375,11080.80859375,13222.4853515625,4191.15283203125,-2553.79833984375,-85371.765625,-7515.41552734375,-16018.2861328125
51204.30859375,56744.14453125,35834.9140625,49091.46484375,63366.71875,85749.28125,72708.25,76903.359375
183521.765625,196647.421875,138445.5,166276.5,213264.71875,262841.0,235620.9375,246826.734375
176338.8125,178258.0,137938.171875,139156.296875,172291.296875,154330.15625,186691.53125,189308.4375
36250.66015625,29204.16015625,29857.478515625,15868.6865234375,9821.6455078125,-87864.0078125,5482.03271484375,-4279.46435546875
27039.21484375,29801.353515625,18580.265625,25339.029296875,32001.099609375,31240.4921875,36577.75390625,37483.8046875
150481.515625,162751.890625,111741.703125,139235.6875,178734.296875,228679.4375,198932.9375,209292.640625
202272.09375,208974.125,156921.359375,168198.90625,212243.609375,223123.109375,231256.640625,238039.078125
68774.71875,61297.86328125,55466.47265625,39989.7265625,39576.53125,-53602.875,38534.22265625,29954.642578125
12075.841796875,12021.2587890625,8629.60546875,8947.044921875,9042.2626953125,-22268.369140625,8917.2724609375,6049.78955078125
109050.4375,119162.4296875,79141.125,102878.9453125,132551.21875,177022.375,149018.234375,157612.4375
209524.984375,219893.328125,160205.9375,181512.53125,231225.65625,262740.40625,252674.8125,262430.625
108354.0,102654.375,85243.015625,74000.5390625,83891.65625,11908.5390625,87835.5703125,82746.546875
10041.51953125,7125.556640625,7935.3154296875,3048.800048828125,-1603.0892333984375,-64487.27734375,-5378.90185546875,-11712.8046875
72766.3203125,80382.046875,51784.60546875,69644.0234375,89998.90625,124083.6171875,102464.8125,108656.890625
199888.34375,212462.328125,151575.390625,178177.46875,227989.171875,272327.78125,250526.703125,261627.15625
147185.75,145279.03125,115372.2734375,110084.5,132506.015625,89341.296875,142396.328125,141368.171875
19437.833984375,13816.3271484375,15969.134765625,5742.4755859375,-1309.0521240234375,-89629.296875,-6512.33642578125,-15445.0986328125
44206.42578125,49167.10546875,30936.46484375,42386.74609375,54695.203125,72237.1875,62962.0390625,66354.6328125
175900.671875,189045.578125,132566.234375,160159.390625,205538.6875,255772.234375,227594.15625,238653.84375
183378.9375,186533.15625,143395.859375,146775.234375,182767.53125,172072.625,198313.078125,202016.734375
42714.04296875,35356.41015625,34984.25390625,20272.001953125,15049.2041015625,-84144.5859375,11117.8232421875,1454.4278564453125
22446.201171875,24594.11328125,15460.0517578125,20640.873046875,25637.962890625,17871.55859375,29064.21484375,29102.1015625
140450.046875,152522.671875,104204.7578125,130640.2109375,167871.6875,217155.9375,187416.609375,197362.296875
204790.140625,212682.015625,158889.640625,172045.875,217850.625,234413.734375,237707.625,245306.328125
77189.015625,69940.6796875,62032.72265625,46745.73828125,48352.44921875,-41440.53125,48298.0,40506.85546875
10409.5859375,9694.2412109375,7648.72119140625,6606.07958984375,5404.2490234375,-33940.94140625,4233.33056640625,524.6400756835938
99012.7421875,108673.5859375,71841.2265625,93799.8671875,121057.2109375,163613.46875,136700.328125,144668.96875
207759.34375,218990.15625,158952.9375,181473.03125,231590.703125,266866.375,253449.84375,263646.3125
117890.0625,112966.328125,92622.2421875,82771.828125,95577.1640625,29660.671875,100671.1484375,96733.8046875
11291.697265625,7646.240234375,9064.1904296875,2920.79150390625,-2567.4775390625,-72878.7734375,-7055.08154296875,-13999.25390625
64138.92578125,71186.5,45674.3984375,61535.0390625,79688.6328125,110349.8359375,91215.7578125,96670.765625
194245.90625,207247.984375,147300.75,174346.140625,223317.640625,269692.75,245833.578125,257030.453125
158998.875,158326.640625,123915.640625,122186.890625,148523.5,114202.828125,159489.78125,160217.734375
25192.044921875,18936.6640625,20434.140625,9428.0322265625,2562.78369140625,-90005.9453125,-2832.345703125,-11809.900390625
36363.3125,40679.92578125,25397.703125,34961.1875,45081.49609375,56750.4453125,51986.77734375,54482.7734375
166139.984375,179290.1875,124485.078125,152778.09375,196005.109375,246015.03125,217223.796875,228080.703125
188450.671875,192805.90625,146526.46875,153400.296875,191485.578125,187207.53125,207796.5625,212583.90625
18784.1796875,20314.24609375,13015.0166015625,16766.0859375,20260.53515625,5944.24462890625,22621.21484375,21874.15234375
130844.9921875,142681.921875,96984.5234375,122438.8828125,157464.171875,205811.0,176311.921875,185776.765625
206880.453125,215972.203125,160530.203125,175768.171875,223105.078125,244761.90625,243619.609375,251949.609375
86567.0859375,79671.0625,69273.6796875,54694.66796875,58562.94921875,-27483.5234375,59467.79296875,52540.05078125
9443.3876953125,8013.30078125,7127.9033203125,4815.16845703125,2329.90087890625,-45816.82421875,70.47504425048828,-4520.93017578125
89393.265625,98586.40625,64861.84765625,85032.9296875,109933.890625,150174.265625,124700.453125,132039.515625
205195.6875,217194.625,157113.609375,180582.671875,230815.28125,269355.75,252982.796875,263543.65625
127418.2734375,123355.328125,100032.5859375,91605.5546875,107398.6015625,48008.390625,113752.75,110970.6328125
13312.0712890625,8924.5810546875,10761.9609375,3343.97705078125,-2841.1298828125,-80268.1875,-7876.44091796875,-15377.5068359375
56124.62109375,62602.82421875,39959.75,53995.28125,70068.6875,96826.671875,80558.609375,85293.171875
187622.59375,201031.234375,142218.640625,169641.9375,217567.984375,265398.9375,239907.5625,251118.734375
166590.1875,167212.46875,129752.265625,130260.2734375,159598.34375,132420.71875,171729.640625,173572.3125
30117.51953125,23363.248046875,24250.3203125,12444.376953125,5815.833984375,-90499.9453125,439.0776062011719,-8647.375
30687.35546875,34364.328125,21410.46484375,29347.92578125,37678.1953125,43550.828125,43453.05859375,45162.09765625
157146.0,170233.640625,117576.5078125,145395.4375,186684.421875,236622.9375,207376.53125,217944.09375
193587.96875,199263.046875,150453.546875,159620.53125,200149.515625,202387.6875,217460.296875,223218.671875
56888.04296875,49236.171875,45693.375,31038.857421875,28024.255859375,-70320.4140625,25119.087890625,16266.8603515625
15636.0048828125,16505.978515625,10902.4423828125,13280.890625,15279.0693359375,-6834.00048828125,16467.958984375,14858.6328125
121205.9375,132637.921875,89628.6953125,113998.7109375,146712.40625,193727.578125,164728.875,173743.984375
208111.796875,218200.984375,161422.71875,178418.53125,226969.671875,253424.890625,248132.4375,257092.015625
96168.59375,89796.9375,76830.671875,62904.171875,69325.6484375,-11410.1171875,71475.84375,65413.17578125
9292.5126953125,7131.99365234375,7234.92333984375,3609.716796875,-3.1515955924987793,-56017.93359375,-3150.9921875,-8552.0224609375
80580.1328125,89235.0859375,58303.37890625,77011.921875,99696.6328125,137301.8125,113484.1328125,120225.9296875
202037.9375,214671.8125,154458.5625,179232.78125,229351.140625,270776.25,251695.40625,262535.8125
136793.265625,133819.359375,107277.03125,100681.609375,119593.53125,67532.859375,127321.0390625,125568.890625
15991.3974609375,10966.2119140625,12985.4453125,4396.140625,-2283.364501953125,-85536.3125,-7663.54052734375,-15741.2138671875
49127.54296875,54955.37890625,34862.546875,47359.16015625,61442.30078125,83826.7421875,70795.96875,74832.359375
181414.5,194894.53125,137201.890625,164923.53125,211619.453125,260516.53125,233716.890625,244897.890625
174709.578125,176556.9375,136024.078125,138633.0625,171029.921875,151529.125,184498.765625,187364.765625
35995.4453125,28864.591796875,28981.603515625,16340.888671875,10202.0498046875,-88111.84375,5113.22900390625,-4136.234375
25987.923828125,28963.767578125,18101.423828125,24556.025390625,31208.0390625,30969.5234375,35828.61328125,36753.640625
148894.515625,161596.1875,110960.0390625,138264.453125,177680.859375,227330.15625,197815.46875,208129.09375
198850.796875,205547.0,154343.6875,165470.296875,208444.046875,217220.3125,226913.140625,233496.890625
65265.05078125,57660.18359375,52373.3515625,37391.9375,36079.0625,-59769.40625,34147.203125,25547.50390625
13281.3603515625,13446.4501953125,9338.982421875,10379.27734375,10956.5556640625,-19182.421875,11013.955078125,8463.173828125
112372.9609375,123178.03125,82641.2734375,106018.8671875,136552.328125,182028.984375,153757.09375,162332.25
208923.359375,219795.09375,161722.1875,180541.234375,230155.59375,261064.828125,251930.578125,261388.71875
105822.1953125,100120.5625,84396.984375,71377.0,80572.421875,6058.037109375,84136.8046875,78805.71875
9776.25,6907.49267578125,7809.51953125,2887.934326171875,-1720.368896484375,-65034.8515625,-5614.3330078125,-11852.681640625
72686.2578125,80591.6640625,52276.25390625,69536.46875,90130.9375,124715.8828125,102916.5625,109089.6640625
198765.5,211671.15625,151534.140625,177255.328125,227132.34375,271134.90625,249667.796875,260701.9375
146453.171875,144539.140625,114739.1328125,109913.7734375,132172.828125,87937.765625,141372.734375,140546.609375
19471.16015625,13848.3125,15867.3447265625,6090.96142578125,-860.9220581054688,-89275.5859375,-6482.36279296875,-15159.107421875
42755.28515625,47835.1875,30163.18359375,41103.4453125,53297.50390625,70917.140625,61541.7421875,64885.98828125
174533.078125,187879.6875,131485.109375,159392.21875,204700.359375,254406.71875,226496.53125,237588.390625
181954.15625,185019.3125,141559.8125,146171.34375,181602.71875,169862.6875,196517.671875,200302.671875
42437.64453125,35062.91015625,34144.38671875,20712.5546875,15419.1474609375,-83712.2109375,10876.759765625,1481.6522216796875
21803.744140625,24122.71484375,15097.685546875,20215.80859375,25280.021484375,18381.78125,28753.81640625,28844.677734375
139988.921875,152402.578125,103832.265625,130819.109375,168179.796875,217116.296875,187573.3125,197549.1875
202569.546875,210543.953125,156977.015625,170557.3125,215584.96875,230355.546875,234988.9375,242318.0
73858.3828125,66582.0859375,59152.765625,44299.4296875,44972.46484375,-46882.46484375,44321.4921875,36200.63671875
11444.8515625,10916.5234375,8171.08154296875,7896.82568359375,7128.1044921875,-30763.865234375,6152.5849609375,2698.90576171875
103365.0234375,113547.828125,75629.4453125,97871.6640625,126127.9921875,169656.828125,142396.0625,150505.59375
208443.78125,220067.9375,161126.53125,181487.515625,231767.609375,266648.65625,254038.25,263958.1875
115213.8203125,110321.0703125,91828.84375,79744.8203125,91822.9453125,24005.16796875,96888.8984375,92398.9453125
10774.8359375,7228.6875,8822.322265625,2538.643798828125,-2953.17919921875,-73239.53125,-7462.5087890625,-14484.666015625
64658.40234375,71901.84375,46333.41796875,62014.88671875,80466.875,111645.6796875,92238.421875,97773.625
194014.109375,207267.296875,147661.703125,174119.015625,223361.09375,269400.59375,245918.46875,257090.34375
155250.015625,154556.796875,121614.5078125,118609.1640625,144109.859375,107706.6484375,154799.0,155008.140625
23566.0234375,17434.76171875,19249.341796875,8260.935546875,1295.23876953125,-90959.8125,-4235.14111328125,-13314.2177734375
36685.84765625,41125.171875,25775.42578125,35252.40625,45605.53125,58150.828125,52717.4765625,55315.59765625
166580.40625,179916.609375,125074.625,153182.90625,196837.0,246849.65625,218149.09375,229077.6875
188032.515625,192462.640625,146126.75,153237.6875,191388.28125,186691.671875,207434.609375,212177.828125
49377.1875,41890.47265625,39654.3828125,25774.888671875,21549.939453125,-77162.796875,17684.474609375,8430.25
18214.546875,19815.087890625,12681.2158203125,16326.740234375,19821.7265625,6062.19482421875,22194.67578125,21460.421875
130758.625,142641.625,96554.8984375,122727.359375,157854.4375,205797.046875,176491.640625,186090.921875
205282.9375,214319.828125,158846.3125,174676.578125,221398.453125,241737.84375,241564.234375,249605.359375
82769.75,75922.8125,66234.734375,51692.47265625,54605.8203125,-32529.294921875,55248.20703125,47689.87890625
10248.1845703125,9043.6044921875,7494.29296875,5924.79833984375,3900.2001953125,-41942.3046875,1927.5694580078125,-2433.03173828125
94431.328125,104065.5546875,68717.2578125,89882.234375,115916.359375,157274.546875,131214.53125,138824.359375
206851.421875,219210.171875,159501.1875,181585.28125,232233.765625,270766.90625,254918.015625,265212.34375
125022.59375,121261.9296875,99590.484375,88906.578125,104209.71875,43950.41015625,110877.2265625,107254.03125
12611.5458984375,8435.546875,10489.515625,2820.3427734375,-3356.98583984375,-80129.3203125,-8272.669921875,-16063.8837890625
57065.73828125,63649.08984375,40667.25,54889.59765625,71267.1015625,98486.21875,81883.015625,86761.8203125
188698.96875,202172.375,143129.171875,170482.75,218842.78125,266509.0625,241228.09375,252492.828125
163877.875,164540.515625,128313.390625,127404.1875,156214.9375,128094.859375,168470.953125,169649.390625
28369.92578125,21850.01171875,23234.8359375,11079.6015625,4363.48486328125,-90474.265625,-808.08251953125,-10264.27734375
31284.212890625,35011.61328125,21810.8515625,29864.1171875,38450.33984375,45435.8828125,44402.5625,46258.11328125
158880.578125,171924.96875,118633.3671875,146730.71875,188687.03125,238739.0,209483.671875,220243.296875
193900.3125,199550.046875,150394.203125,159785.421875,200619.515625,202902.9375,217940.546875,223484.40625
56755.9453125,49317.64453125,45555.0390625,31196.572265625,28345.451171875,-68606.8828125,25517.53125,16273.9677734375
15176.876953125,16104.921875,10599.1513671875,12925.9677734375,14939.099609375,-6232.24658203125,16178.4814453125,14532.4091796875
121917.4609375,133166.78125,89421.96875,114818.53125,147760.609375,194356.421875,165535.484375,174759.734375
207897.6875,217683.53125,160382.15625,178187.390625,226497.796875,252000.109375,247484.8125,256155.59375
92379.703125,86041.109375,73868.3046875,59599.890625,65102.44140625,-15958.1376953125,67392.984375,60346.68359375
9706.9814453125,7773.98046875,7265.97021484375,4343.7705078125,1129.1429443359375,-52256.80859375,-1673.63134765625,-7020.5478515625
86268.625,95122.3984375,62182.92578125,82298.484375,106196.765625,144939.0625,120462.5703125,127594.2265625
205433.9375,218128.96875,157635.171875,181438.234375,232332.8125,274003.21875,255276.09375,265942.21875
135328.578125,132570.125,107522.453125,98412.59375,117105.515625,65142.33984375,125542.3984375,122774.5
15513.2265625,10719.0458984375,12949.4365234375,3943.45068359375,-2698.771728515625,-84645.625,-7703.90771484375,-16258.0087890625
53334.65234375,59301.4296875,37576.20703125,51322.9296875,66337.0,89904.8984375,76065.3671875,80472.1015625
185388.515625,198880.09375,140442.078125,167845.203125,215456.015625,264739.78125,238079.84375,249272.296875
173397.765625,175320.375,136264.328125,136264.265625,168546.1875,149062.296875,182784.359375,184757.46875
34258.046875,27423.77734375,28411.56640625,14565.6689453125,8290.439453125,-88451.9453125,3779.634765625,-6274.759765625
26648.685546875,29652.892578125,18476.26171875,25150.203125,32037.646484375,32731.599609375,36795.8828125,37820.21875
151152.46875,163626.421875,112082.0703125,140065.5625,180152.375,229782.03125,200268.34375,210858.703125
199785.875,206343.34375,154627.34375,165967.25,209380.8125,218662.1875,228050.265625,234395.421875
65226.8984375,57881.1328125,52459.515625,37434.51953125,36358.08203125,-56679.50390625,35000.4140625,25823.369140625
12906.2529296875,13140.41015625,9093.76171875,10080.412109375,10717.705078125,-17560.421875,10961.1826171875,8381.568359375
113428.5390625,123936.6953125,82426.0234375,107123.0703125,137936.21875,182858.796875,154740.390625,163647.265625
209787.171875,220187.96875,161152.6875,180928.0,230622.09375,261020.171875,252395.875,261645.671875
102311.390625,96640.125,81752.9296875,67898.9140625,76261.4375,2385.69091796875,80401.6953125,73789.3125
9792.7451171875,7181.48046875,7657.70654296875,3229.379638671875,-1096.1517333984375,-61203.78515625,-4512.41455078125,-10900.8994140625
78531.125,86549.7890625,56065.8125,75010.0546875,96830.8984375,132504.28125,109999.671875,116666.1015625
203123.078125,215939.953125,155162.84375,180056.890625,230933.765625,275184.53125,254167.671875,265053.40625
144852.625,143110.203125,115016.0703125,107019.671875,129021.0234375,85425.609375,139327.546875,137130.6875
18565.580078125,13220.0048828125,15685.15625,5017.07177734375,-1984.432373046875,-88064.96875,-6844.72900390625,-16332.7080078125
47102.5390625,52382.19921875,32842.2421875,45370.5703125,58582.4609375,77529.8515625,67158.625,70931.0859375
179491.28125,192996.875,135240.53125,163372.953125,209971.96875,260103.265625,232387.125,243580.453125
181195.890625,184462.890625,142323.84375,143990.375,179579.1875,168397.859375,195668.75,198322.0625
40439.1953125,33395.984375,33548.9375,18309.09375,12764.029296875,-84312.6953125,9183.4814453125,-1564.3984375
22611.759765625,24958.021484375,15464.5439453125,20959.98828125,26343.919921875,20473.771484375,29971.40625,30142.26171875
142743.203125,155094.640625,105164.3828125,133196.5625,171649.3125,220680.953125,191195.296875,201576.453125
203665.03125,211800.296875,157577.96875,170967.421875,216961.34375,232664.9375,237003.28125,243870.796875
73751.8984375,66851.984375,59418.23828125,43833.734375,44727.17578125,-44108.92578125,44914.1953125,35475.43359375
11192.388671875,10783.4189453125,8019.00048828125,7705.91943359375,6999.29150390625,-29150.380859375,6237.07470703125,2512.82763671875
103978.984375,114478.890625,75248.1015625,99379.328125,128282.2109375,171374.921875,144248.796875,152813.5625
207992.4375,220343.140625,160210.765625,181656.703125,232664.40625,267486.65625,255407.78125,264947.53125
110832.09375,106602.453125,89112.90625,75335.140625,86647.015625,20132.59375,92886.640625,86320.1953125
10464.236328125,7248.13330078125,8486.509765625,2421.02880859375,-2923.40673828125,-69755.8046875,-6759.30078125,-14426.0595703125
69733.4140625,77882.03125,49747.46875,67929.5546875,87942.9296875,120326.1796875,100052.3671875,106249.0078125
195890.78125,211145.375,150689.984375,176799.75,227812.953125,274634.8125,251599.71875,262502.78125
151639.765625,152654.3125,121870.390625,114316.015625,139917.296875,105128.78125,152716.125,150724.71875
22136.875,16500.212890625,19024.775390625,6205.2236328125,-1034.259765625,-90361.609375,-5226.8876953125,-16006.619140625
39951.4375,45243.5703125,27956.330078125,39416.671875,50949.765625,65057.58203125,58459.08203125,61570.77734375
167322.5,183540.40625,127679.71875,156118.375,201766.828125,252854.53125,224430.015625,235348.34375
182012.15625,189504.640625,145919.40625,147625.359375,186289.34375,183701.28125,205195.5,207845.25
45471.5546875,38998.24609375,38714.06640625,20671.8515625,15759.7880859375,-78353.828125,14624.3427734375,2746.380859375
18162.443359375,20317.12890625,12762.5537109375,16770.578125,20640.0,9661.048828125,23577.623046875,22877.96875
127091.84375,142201.0,95790.265625,122725.75,159300.21875,208034.671875,178894.484375,188696.015625
195297.0,209062.765625,156057.890625,167874.5,215451.328125,238618.234375,238730.609375,245162.484375
76572.2421875,71773.1640625,64238.1015625,44794.5,47035.484375,-32970.71875,51655.9921875,41286.1015625
9316.9208984375,8640.8701171875,7122.47216796875,5022.369140625,3195.114501953125,-35535.58203125,2699.375244140625,-1937.2254638671875
88546.890625,101426.7265625,65888.1953125,88789.765625,115657.0546875,157062.984375,131056.6875,138993.484375
192517.625,211577.0,153966.4375,174530.875,225914.828125,265719.0,250725.859375,259720.3125
110459.0703125,110409.6484375,92763.6640625,75987.515625,89322.5234375,32395.921875,99834.3671875,92642.09375
10514.1923828125,7243.5068359375,9221.166015625,760.6744995117188,-5280.19677734375,-72241.2734375,-7717.654296875,-16308.2998046875
57053.40234375,66829.3828125,42003.99609375,58904.39453125,77084.34375,106777.46875,88253.859375,93835.8046875
175805.921875,197859.65625,140885.90625,166534.53125,216955.234375,266232.1875,241467.46875,251738.328125
146112.59375,153613.53125,123114.265625,113589.4765625,141830.453125,116121.546875,158092.8125,155815.09375
23240.0,18361.59765625,21164.841796875,5335.98681640625,-1800.16455078125,-88724.59375,-3667.18310546875,-15239.5068359375
31329.609375,37387.9140625,22726.087890625,32832.44921875,42837.828125,53705.8046875,49371.2890625,51872.24609375
146558.1875,168558.46875,116512.9453125,145143.1875,189320.578125,240416.1875,211268.078125,221569.171875
172264.46875,187701.515625,144435.953125,147073.4375,187937.015625,191740.9375,208339.640625,211069.53125
47344.140625,42997.6875,42090.6328125,22303.171875,18278.8515625,-73990.140625,18911.98828125,6726.84619140625
13941.18359375,16156.5546875,10213.3828125,13050.35546875,15722.4384765625,-208.34059143066406,17793.640625,16415.923828125
109165.234375,128353.359375,85410.7890625,112856.625,147797.296875,194706.453125,165582.28125,174872.71875
79705.796875,79046.109375,69267.4453125,51083.33984375,55728.99609375,-22880.046875,60689.875,50811.5
8222.580078125,7354.88525390625,6691.3740234375,3429.472412109375,508.3456726074219,-47226.0546875,-1004.6213989257812,-6580.12939453125
75428.6796875,90558.078125,57961.0625,80956.4453125,106266.171875,144782.484375,119722.8125,127200.8125
180071.4375,206359.375,148800.5,174154.359375,226679.046875,268000.21875,249812.828125,259175.15625
114707.4140625,120313.3046875,98871.9921875,86482.6640625,103466.34375,49494.19921875,113621.328125,107649.8515625
12278.68359375,8951.134765625,10975.7333984375,1475.2149658203125,-5476.66845703125,-84791.3984375,-9060.3681640625,-18669.650390625
48510.36328125,59188.57421875,36519.6171875,53350.87890625,70104.15625,94815.015625,79353.890625,84404.0234375
164312.859375,191661.328125,134448.75,165818.65625,216294.546875,265001.375,238113.84375,248783.0
150965.65625,164885.984375,128626.5390625,128358.859375,160674.78125,137121.296875,174633.46875,174343.1875
29364.421875,24972.974609375,25851.197265625,11495.6796875,4167.75048828125,-100335.5390625,-666.3948364257812,-12547.2392578125
27365.439453125,33423.8125,19856.9296875,30267.25390625,39043.9765625,38555.2109375,43107.0546875,44865.04296875
140467.359375,166094.78125,111599.40625,148912.421875,193655.6875,241429.515625,210805.875,222215.71875
183930.671875,206032.609375,151309.171875,173578.828125,220529.484375,220649.171875,233319.265625,239794.65625
66125.3671875,62794.46875,52676.91015625,45721.47265625,43998.62109375,-80927.9453125,33213.9296875,23511.775390625
14065.03515625,15211.8798828125,9248.7255859375,13638.83203125,14013.267578125,-46840.62109375,9212.44921875,5428.12060546875
107887.09375,129423.6953125,83930.8125,118765.3984375,154273.359375,197755.578125,168498.109375,178569.734375
193780.421875,222378.390625,159342.1875,192775.453125,246809.90625,273811.75,265034.15625,273959.15625
101414.390625,104668.515625,84252.2734375,80107.125,88118.546875,1873.187744140625,89014.0703125,80810.0625
11159.3974609375,9057.3505859375,8186.83935546875,5703.58349609375,-773.6161499023438,-88384.0859375,-7275.55908203125,-16289.7255859375
71176.0390625,86965.796875,55221.5859375,79427.8515625,103791.296875,136736.796875,115793.9140625,122800.109375
180018.734375,210529.140625,149877.484375,182490.453125,236429.21875,280823.125,258961.25,268882.34375
129622.375,140402.046875,111720.3125,107882.40625,129143.1328125,83611.8984375,140606.09375,136132.90625
17803.4296875,14267.33984375,15776.2841796875,5695.8720703125,-3313.869140625,-99414.8671875,-7533.25244140625,-19152.447265625
42319.42578125,52364.69921875,32216.951171875,47647.36328125,62301.546875,79381.3828125,70332.28125,74299.203125
157304.390625,186651.171875,129971.265625,163690.453125,213080.78125,263978.1875,235171.125,245596.265625
155892.875,174062.09375,134984.3125,137513.765625,172087.453125,159836.125,190016.46875,189952.296875
34284.8671875,30824.75,31263.693359375,15092.3876953125,6925.12841796875,-94488.3203125,5926.27392578125,-7135.41357421875
22723.271484375,27893.900390625,16938.685546875,24754.7109375,31334.1015625,25312.20703125,35322.078125,35794.14453125
127599.453125,153241.90625,104052.2734375,135923.15625,177392.515625,228017.53125,197019.109375,206953.546875
175562.109375,200337.8125,151398.96875,163281.015625,209450.21875,225779.234375,231397.71875,235845.765625
62121.83984375,61310.87109375,56208.91015625,37264.80078125,35449.21484375,-55850.765625,39110.83203125,27131.416015625
10468.259765625,11407.099609375,8124.54541015625,8234.6494140625,7607.68359375,-29006.01171875,7764.05615234375,3913.07470703125
91229.5078125,111152.484375,72704.828125,99991.75,131122.609375,175282.5625,146607.46875,155113.953125
178808.921875,207853.03125,152087.75,175018.765625,227017.203125,262626.5625,250308.578125,258116.140625
94765.6640625,99544.5546875,84034.8125,69430.2578125,78790.0234375,11601.626953125,87668.9375,79196.8515625
9071.6328125,7177.9267578125,8074.65625,1859.642578125,-3998.302001953125,-70573.2109375,-6258.80078125,-14229.587890625
60102.5390625,74265.0703125,46719.85546875,67278.1171875,88571.234375,121387.859375,99943.8046875,106250.8828125
168930.6875,199269.09375,141890.40625,171620.671875,223706.6875,270743.125,246880.171875,256570.453125
129749.578125,142200.796875,113698.90625,107476.3125,131225.46875,95931.8203125,145514.125,141851.234375
18623.8515625,15250.9736328125,17287.9765625,4829.18310546875,-3548.5625,-92463.7265625,-5810.73779296875,-16968.056640625
34887.4921875,43531.71484375,26391.193359375,39406.74609375,51749.19921875,66590.3984375,58813.19921875,62178.23046875
146319.265625,174848.578125,120972.5859375,153565.78125,200447.109375,251270.546875,221736.546875,231954.828125
156649.71875,176443.828125,136272.375,139765.28125,176520.796875,171370.09375,195410.734375,196328.515625
37413.328125,34428.09765625,34402.28125,17005.40625,10057.2109375,-87242.6015625,10238.595703125,-2331.443115234375
18459.029296875,22618.12890625,13660.7587890625,19724.8984375,24706.431640625,15029.2890625,27841.1953125,27708.962890625
117374.46875,141915.40625,95365.8046875,126243.6640625,165142.46875,214378.5,183640.453125,193238.265625
175209.140625,201389.171875,151181.640625,165021.84375,212789.625,234264.203125,235082.078125,240324.390625
67775.8046875,68106.5859375,61346.8828125,42403.78125,42847.68359375,-43288.3046875,47627.8515625,36390.40234375
8883.4091796875,9107.10546875,7064.67041015625,5686.88671875,3825.768798828125,-38160.5234375,3299.251220703125,-1301.474853515625
81946.1796875,100488.2890625,64950.8984375,90601.0625,119087.53125,160785.015625,133375.125,141381.109375
175683.75,205470.21875,149342.65625,173940.453125,226256.9375,265125.625,249427.328125,257755.125
101631.3125,108251.0078125,90188.3359375,76920.390625,89500.8203125,29392.115234375,99512.5,92124.421875
9988.2783203125,7658.10888671875,9135.8046875,1419.15673828125,-5151.24951171875,-76453.28125,-7580.861328125,-16180.0908203125
52880.62109375,65633.3203125,40837.4375,59524.51953125,78517.2421875,107737.828125,88721.5078125,94419.65625
163611.734375,193880.1875,137161.0625,167791.890625,219059.703125,267501.0,241745.546875,251663.015625
136491.78125,150988.1875,119636.6484375,115639.0859375,142873.5,115026.6640625,158142.90625,155654.15625
22306.12109375,18935.390625,20739.64453125,6972.8046875,-1277.6031494140625,-93113.4921875,-3236.353515625,-14769.6513671875
29842.525390625,37303.29296875,22385.314453125,33642.2109375,44088.33984375,53756.09375,50080.796875,52678.78515625
138998.703125,166865.125,114437.65625,147155.640625,192365.21875,243119.515625,212884.1875,223024.203125
161327.5625,183039.984375,140120.140625,146382.359375,186174.078125,187916.96875,205885.5,207904.328125
43329.87890625,40949.88671875,39719.625,21656.22265625,15917.099609375,-80569.0625,16938.552734375,4431.61279296875
15383.7431640625,18565.177734375,11396.638671875,15785.470703125,19069.232421875,2336.740478515625,21228.74609375,20139.03125
109154.4375,132534.046875,88307.0390625,118420.8046875,154959.796875,202821.140625,172398.25,181692.96875
176764.8125,204257.65625,152365.03125,168719.734375,218157.34375,244638.25,240833.609375,246897.8125
75615.765625,77277.7265625,68330.015625,49891.8359375,52857.62109375,-28205.775390625,58918.07421875,48413.60546875
8238.5390625,7725.70068359375,6766.4755859375,3869.555908203125,667.8700561523438,-49163.015625,-531.8150024414062,-6167.73974609375
74354.1171875,91474.59375,58557.78515625,82676.2734375,108806.359375,147962.3125,122034.8125,129551.03125
173867.5625,204191.546875,147450.484375,174007.5,226651.28125,268533.4375,249727.140625,258573.734375
110208.6796875,118728.5859375,97627.78125,86242.609375,102275.3828125,49474.953125,113561.9140625,107278.5
11877.89453125,9123.064453125,11028.103515625,1745.9840087890625,-5617.95361328125,-83427.828125,-8202.2626953125,-17680.787109375
46598.95703125,58012.89453125,35754.1796875,52631.78125,69441.7890625,94539.953125,78585.1015625,83607.40625
158358.15625,188388.5,132273.9375,164009.171875,214188.53125,263721.09375,236334.734375,246429.890625
143411.28125,159937.84375,125446.1796875,124262.7890625,154850.5,134727.359375,171208.078125,169916.671875
26770.7265625,23504.599609375,24811.640625,9955.0859375,1933.2691650390625,-92760.84375,408.70159912109375,-11525.98828125
25371.08203125,31647.853515625,18937.201171875,28386.421875,36912.42578125,40604.6875,41873.23828125,43617.6796875
131993.578125,158970.90625,108235.3125,140980.1875,184288.21875,234654.59375,203960.140625,214021.90625
166456.28125,189891.875,144322.890625,153566.71875,196160.8125,204398.8125,216598.703125,219714.5
50377.65234375,48711.12890625,46021.07421875,27536.162109375,23301.220703125,-71410.3984375,25356.798828125,13027.8916015625
13013.9443359375,15277.3935546875,9696.1181640625,12481.056640625,14153.3466796875,-10316.513671875,15408.6201171875,13292.2236328125
101504.6484375,123632.1328125,81572.34375,110955.0078125,145197.15625,191561.625,161685.03125,170694.234375
178140.984375,206724.21875,153034.375,172171.0625,223049.546875,253982.796875,246011.9375,252861.171875
84214.390625,87320.25,75755.640625,58292.71484375,64089.57421875,-11331.595703125,71423.8046875,61711.125
8238.6728515625,7071.64404296875,7103.0927734375,2571.836181640625,-1915.164306640625,-59594.39453125,-3693.334716796875,-10423.1982421875
67444.078125,83115.8203125,52748.0546875,75224.96875,99096.9609375,135445.71875,111365.8515625,118389.421875
171593.453125,202052.8125,144915.46875,173165.421875,225795.265625,270165.5625,248767.78125,258051.234375
118925.7265625,129257.59375,104900.125,95745.609375,115337.1328125,69978.765625,127803.8359375,122634.484375
14536.7685546875,11437.54296875,13547.435546875,2738.937744140625,-5175.92578125,-88683.1484375,-7756.5458984375,-18081.5078125
40839.515625,50920.73046875,31113.958984375,46185.2265625,60893.25390625,81468.6796875,69005.4609375,73315.4375
153128.515625,182659.375,127400.7734375,159761.6875,208774.640625,259114.53125,230462.5,240693.25
150636.34375,169030.390625,131419.859375,132906.34375,166973.484375,154150.515625,184343.59375,184218.546875
32166.123046875,29115.580078125,29683.203125,13743.9072265625,6296.3515625,-90343.171875,5334.98095703125,-6961.94189453125
21497.703125,26653.177734375,15950.6279296875,23654.19921875,30340.6796875,27565.93359375,34306.59375,35142.03515625
124621.46875,150520.46875,101598.59375,134080.875,175278.8125,224978.265625,194136.40625,204046.5625
170465.375,195432.796875,147274.390625,159584.59375,204614.390625,218876.90625,225680.59375,229822.59375
57708.46484375,56921.5703125,52394.203125,33953.6796875,31511.732421875,-60253.078125,34649.71484375,22697.92578125
11130.8994140625,12484.8779296875,8394.576171875,9534.11328125,9655.4833984375,-22742.71875,10055.8701171875,6862.7001953125
93798.1875,114552.3203125,74883.1875,103161.8515625,135076.046875,179613.328125,150556.34375,159196.484375
178458.828125,207899.890625,152787.875,174451.609375,226362.953125,261334.734375,249498.34375,257066.40625
93049.3828125,97743.1171875,83323.5625,67218.84375,76138.5234375,7399.87939453125,84842.2265625,76151.671875
8886.76171875,7099.06982421875,7927.4697265625,1787.424072265625,-3846.757080078125,-68889.9921875,-6028.60009765625,-13750.7470703125
60585.671875,74917.1796875,47078.06640625,67921.78125,89523.2890625,122666.203125,100787.2890625,107217.1484375
168347.109375,198976.796875,141632.96875,171633.75,223876.203125,270270.65625,246590.765625,256232.828125
127021.7109375,139362.484375,111658.6875,105149.8359375,128188.3359375,90368.71875,141850.5,137889.75
17624.52734375,14329.3662109375,16425.916015625,4255.45849609375,-4067.636962890625,-92713.9765625,-6493.091796875,-17526.626953125
35259.6484375,44019.67578125,26631.18359375,39859.703125,52478.76171875,67951.1484375,59536.2578125,63046.4609375
146551.40625,175388.640625,121260.5234375,154267.984375,201612.265625,252248.953125,222595.921875,232866.640625
156311.359375,176476.75,135864.6875,140443.75,177472.984375,171750.890625,195753.984375,196805.28125
37694.9609375,35044.9375,34544.37109375,18013.58203125,11382.021484375,-85310.0703125,11221.9599609375,-1111.7086181640625
18090.025390625,22198.833984375,13381.205078125,19368.767578125,24339.4375,15206.6494140625,27408.0859375,27336.404296875
116991.1875,141685.875,94811.3984375,126734.4453125,165756.296875,214533.40625,183757.46875,193442.1875
173580.5,199851.53125,149425.46875,164660.46875,211812.96875,231629.609375,233411.734375,238512.625
65438.12109375,65679.859375,59113.2734375,40917.63671875,40622.12109375,-47124.46875,44996.5390625,33558.390625
9610.5556640625,10144.986328125,7441.9228515625,6948.73193359375,5523.67431640625,-35046.75,5110.47998046875,778.444091796875
85927.515625,105217.4296875,68147.2890625,95027.046875,124438.203125,166865.125,138967.0,147167.640625
178007.078125,207920.21875,151856.546875,175514.640625,228024.78125,266573.09375,251363.953125,259541.546875
101656.4609375,107868.65625,90706.0703125,75888.4765625,87956.8046875,26043.98046875,98044.734375,90305.1484375
10289.9599609375,8008.74072265625,9368.822265625,1725.59912109375,-4803.83642578125,-76481.578125,-7180.00537109375,-15836.0302734375
56138.23046875,69501.265625,43288.10546875,63247.2265625,83076.59375,113129.8125,93519.171875,99472.6015625
165961.078125,196411.9375,139414.453125,169720.390625,221273.390625,269670.15625,244094.625,253966.09375
136176.28125,150233.140625,119737.765625,114424.3125,141082.984375,111548.7109375,156316.796875,153536.6875
21961.861328125,18487.125,20546.79296875,6508.71533203125,-1921.19921875,-94460.828125,-3921.7919921875,-15625.8125
30325.255859375,37830.74609375,22733.599609375,34120.3125,44737.83984375,54712.97265625,50769.45703125,53463.80078125
139982.203125,167870.40625,115123.2265625,148354.453125,193921.765625,244577.96875,214231.59375,224524.90625
161980.546875,183731.921875,140237.625,147751.765625,187720.5,188883.5,206891.71875,209077.125
44126.4296875,41943.9140625,40176.0703125,23076.98828125,17636.060546875,-78475.3359375,18348.724609375,6024.4423828125
15176.67578125,18296.62109375,11214.9189453125,15541.255859375,18830.8515625,2436.04931640625,20967.69921875,19908.5625
109185.2890625,132588.234375,87823.3671875,119105.703125,155778.40625,203292.265625,172846.515625,182275.140625
175860.640625,203239.5625,150670.609375,168867.390625,217758.96875,242611.296875,239781.703125,245782.8125
73468.921875,74894.71875,65931.109375,48463.29296875,50597.2578125,-32210.916015625,56221.91796875,45461.5
8771.6953125,8545.3837890625,7012.50146484375,4921.51806640625,2081.796630859375,-46409.12109375,996.038330078125,-4435.16650390625
78502.9609375,96366.609375,61737.07421875,87284.2421875,114373.953125,154376.28125,127908.046875,135680.21875
176544.0625,206865.703125,149839.328125,175841.125,228654.234375,270109.125,251898.25,260654.25
110217.3359375,118174.2421875,97789.515625,85105.6171875,100530.8046875,45934.03515625,111874.46875,105260.875
12001.4775390625,9244.0322265625,11081.814453125,1841.202392578125,-5542.7177734375,-83538.203125,-8066.14013671875,-17624.728515625
49724.66796875,61708.17578125,38031.98046875,56195.1640625,73811.109375,99761.28125,83200.046875,88476.3515625
161282.5,191382.046875,134820.5,166226.34375,216758.765625,266327.59375,239144.8125,249226.90625
143721.46875,159659.296875,125913.3515625,123330.1796875,153433.6875,131638.453125,169780.140625,168225.9375
26503.779296875,23044.466796875,24656.7421875,9397.7900390625,1187.9503173828125,-94085.453125,-323.94378662109375,-12417.4208984375
25842.48046875,32153.115234375,19251.15234375,28790.8984375,37499.2265625,41655.98046875,42550.765625,44387.07421875
132953.21875,159782.28125,108772.2890625,141736.375,185356.9375,235716.8125,204921.5,215120.265625
166873.4375,190134.359375,144037.171875,154387.8125,197060.890625,204716.1875,216948.390625,220229.875
51033.65234375,49522.83203125,46220.69921875,28880.484375,24937.50390625,-69278.5078125,26579.349609375,14509.208984375
12718.7666015625,14890.88671875,9472.4892578125,12082.6142578125,13748.400390625,-10202.1845703125,15006.958984375,12922.615234375
101178.421875,123068.3984375,80915.7421875,110744.9921875,145025.09375,191044.703125,161231.8125,170305.921875
177389.09375,205656.296875,151592.828125,172007.25,222418.359375,251949.484375,244767.125,251565.125
81990.4375,84704.8984375,73343.59375,56574.96484375,61539.8671875,-15465.8857421875,68464.9921875,58555.91015625
8500.5234375,7549.01025390625,7093.50390625,3325.134521484375,-813.7822265625,-56960.8671875,-2475.20947265625,-8946.91015625
71084.375,87466.5703125,55577.1796875,79329.21875,104050.796875,141342.359375,116641.828125,123877.21875
174125.859375,204562.6875,147358.28125,174741.828125,227457.21875,271616.5,250709.421875,259873.796875
118510.859375,128266.71875,104924.0625,94153.3125,112987.984375,65892.890625,125526.3125,120005.3203125
14344.587890625,11199.8994140625,13395.7568359375,2515.040283203125,-5486.32421875,-89261.3671875,-8032.34423828125,-18419.802734375
43684.0,54321.97265625,33202.125,49419.69921875,64914.3515625,86467.4453125,73311.34375,77866.203125
155888.171875,185530.0,129802.0859375,161886.46875,211208.140625,261626.828125,233098.78125,243318.46875
150261.578125,168074.125,131288.5,131512.59375,164847.296875,150448.59375,182152.03125,181746.546875
31348.384765625,28064.220703125,29009.69921875,12764.431640625,4988.037109375,-92214.28125,4009.164794921875,-8388.2060546875
21745.40625,26939.638671875,16103.916015625,23851.208984375,30687.890625,28537.4296875,34780.671875,35696.4453125
125467.03125,151190.953125,102166.1484375,134511.03125,176027.75,225816.453125,194886.5625,204899.375
170827.34375,195523.921875,147143.109375,159908.40625,205067.625,218836.0,225753.078125,229999.6875
58233.3046875,57533.18359375,52530.99609375,35010.13671875,32906.2109375,-58549.875,35580.23828125,23876.5546875
10855.2353515625,12160.9345703125,8220.7021484375,9188.1083984375,9330.6005859375,-22534.712890625,9743.3251953125,6618.7529296875
93199.3203125,113730.21875,74129.8203125,102626.28125,134506.34375,178822.9375,149811.15625,158506.8125
177612.796875,206719.53125,151353.09375,174027.6875,225522.078125,259374.234375,248222.34375,255737.5625
90303.7421875,94552.15625,80522.8671875,64907.37890625,72874.75,2149.522216796875,81106.578125,72075.984375
8739.1064453125,7127.43408203125,7584.01318359375,2178.221923828125,-3165.07373046875,-67036.1796875,-5319.55810546875,-12824.8486328125
63832.1484375,78819.390625,49611.27734375,71603.578125,94004.1171875,128147.5625,105585.5625,112254.0703125
170683.78125,201260.96875,143955.828125,172881.046875,225225.09375,271607.71875,248302.015625,257856.78125
126443.421875,138128.875,111655.3984375,103111.5546875,125444.703125,86189.765625,139270.21875,134921.34375
17251.431640625,13850.79296875,16156.8896484375,3759.317138671875,-4621.982421875,-93349.0546875,-7041.9384765625,-18111.013671875
149554.46875,178557.265625,124102.5234375,156386.859375,204205.484375,255176.84375,225647.0,235888.953125
156315.25,175969.75,136433.984375,139013.125,175559.359375,168644.828125,193978.765625,194681.5
36933.75,33996.93359375,34105.96484375,16820.669921875,9899.4296875,-87944.875,9641.4013671875,-2905.234619140625
18288.84375,22479.392578125,13580.962890625,19573.95703125,24677.798828125,15848.435546875,27822.62109375,27802.03515625
117628.0078125,142304.203125,95437.15625,127070.5234375,166359.71875,215298.96875,184425.9375,194191.125
173599.140625,199728.953125,149323.0,164665.90625,211857.765625,231230.421875,233180.453125,238312.796875
65593.6875,65963.6328125,59048.09375,41705.19921875,41650.81640625,-45853.76953125,45542.63671875,34325.83984375
9376.734375,9895.0712890625,7313.646484375,6696.134765625,5349.73291015625,-34450.89453125,4938.0810546875,723.9952392578125
85060.625,104300.578125,67384.53125,94336.640625,123763.09375,166011.5,138104.65625,146340.984375
177041.953125,207029.515625,150500.953125,175475.078125,227817.453125,265618.03125,250659.8125,258867.84375
100620.859375,107155.125,89190.0234375,76439.46875,88350.5546875,26333.32421875,97724.8125,90147.3046875
9937.115234375,7801.40625,8974.73828125,1858.9049072265625,-4519.72314453125,-75257.0859375,-7059.171875,-15517.7861328125
55543.921875,68949.8671875,42878.8671875,62759.53515625,82608.4140625,112740.0859375,93003.515625,98942.6640625
165659.671875,196179.375,138999.984375,169720.859375,221230.75,269015.375,243871.078125,253698.28125
133339.109375,147030.984375,117246.265625,111736.203125,137286.125,105602.4609375,152159.90625,148948.4375
20572.275390625,17104.177734375,19187.3828125,5707.6064453125,-2810.485595703125,-95089.8046875,-4999.70458984375,-16570.3515625
32836.140625,41005.0078125,24713.873046875,37180.984375,48609.5390625,60189.640625,54993.265625,57979.5703125
143101.140625,171471.671875,118307.4140625,150916.375,197030.375,248129.8125,217859.953125,228089.09375
161718.421875,183098.578125,140853.59375,146112.671875,185519.015625,185570.171875,204958.59375,206778.734375
42929.6953125,40448.78515625,39467.83203125,21445.400390625,15538.505859375,-82023.09375,16177.54296875,3644.049072265625
15295.8330078125,18506.638671875,11374.1083984375,15686.0947265625,19117.17578125,2999.313232421875,21341.935546875,20336.240234375
109667.75,133082.359375,88523.9609375,119183.2890625,156183.015625,203992.046875,173446.984375,182906.671875
175726.875,203001.171875,150748.1875,168492.890625,217521.984375,242081.640625,239438.109375,245426.546875
73490.71875,75005.09375,65878.0,48942.3359375,51333.66015625,-31307.48046875,56557.796875,46018.0546875
8601.576171875,8373.923828125,6925.32958984375,4756.763671875,2046.5255126953125,-45662.53125,951.3795166015625,-4318.49072265625
77651.359375,95485.1640625,61144.44140625,86501.7109375,113630.3125,153629.28125,127119.671875,134873.140625
175669.875,206080.484375,148881.046875,175571.234375,228325.65625,269291.96875,251365.703125,260073.21875
109102.140625,117322.703125,96417.1015625,85273.125,100536.5,45744.3359375,111314.5546875,104788.8125
11682.6298828125,9078.3388671875,10718.4423828125,2023.25732421875,-5171.03076171875,-82225.53125,-7865.17578125,-17193.16015625
49249.78125,61253.67578125,37756.046875,55756.890625,73456.1796875,99762.953125,82905.8046875,88197.203125
160894.125,191143.0,134386.453125,166300.578125,216898.3125,265976.15625,239148.640625,249200.953125
140644.71875,156229.5625,123230.203125,120418.9140625,149399.4375,125494.9921875,165469.703125,163472.125
24700.1953125,21206.1484375,22937.447265625,8177.65283203125,-250.25010681152344,-95739.84375,-1981.817138671875,-14045.8564453125
28097.546875,35041.98828125,20987.548828125,31604.46875,41091.91015625,46882.80078125,46499.6484375,48624.4921875
136133.03125,163571.03125,111957.484375,144516.8125,188780.4375,239692.328125,208967.484375,219099.59375
166627.46875,189651.828125,144687.9375,152759.65625,194972.796875,201582.828125,215221.1875,218093.828125
49607.3203125,47801.859375,45359.44140625,26914.55859375,22435.740234375,-73361.5703125,24028.16796875,11661.9765625
12819.4169921875,15106.0673828125,9593.45703125,12265.33984375,14066.30859375,-9461.4248046875,15419.5498046875,13411.849609375
101776.625,123852.7421875,81751.7890625,111155.3671875,145787.046875,192151.171875,162200.28125,171308.390625
177200.078125,205414.5,151677.046875,171509.359375,222040.03125,251197.125,244384.046875,251151.71875
81688.953125,84478.1171875,73035.078125,56664.01171875,61800.17578125,-15170.7080078125,68354.484375,58610.08984375
8304.3876953125,7383.71923828125,6992.45166015625,3208.7265625,-777.4382934570312,-55945.24609375,-2464.078369140625,-8766.666015625
70090.8828125,86411.5234375,54901.0625,78335.125,103024.71875,140308.703125,115567.0625,122776.9140625
173068.734375,203627.671875,146187.703125,174442.765625,227078.296875,270588.21875,249977.71875,259160.0625
117086.40625,127033.0390625,103128.5234375,94062.0546875,112614.421875,65265.25390625,124570.7734375,119207.15625
13891.763671875,10917.8642578125,12858.509765625,2691.3955078125,-5133.81494140625,-87739.4140625,-7885.158203125,-17976.298828125
43029.7421875,53675.4296875,32802.87890625,48837.796875,64319.9765625,86232.546875,72733.8671875,77277.125
155369.96875,185093.140625,129248.2109375,161791.25,211072.484375,261027.75,232860.796875,243053.125
147369.6875,164738.125,128747.640625,128590.8671875,160770.671875,144313.171875,177861.234375,177047.796875
29303.267578125,25940.984375,27131.884765625,11262.4619140625,3206.983154296875,-93934.9140625,2021.9832763671875,-10359.4287109375
23797.900390625,29557.876953125,17661.541015625,26430.287109375,34034.6171875,33875.49609375,38460.26171875,39711.24609375
128817.7109375,155083.25,105350.53125,137494.125,179652.28125,229971.1875,199071.875,209075.984375
170989.078125,195214.25,147892.109375,158481.53125,203122.421875,215906.296875,224167.234375,228118.65625
56944.90625,55758.69921875,51689.05078125,32942.7578125,30216.89453125,-62840.8046875,32889.984375,20912.4453125
10948.375,12331.1875,8305.8623046875,9354.4052734375,9621.3515625,-21808.83984375,10101.802734375,7028.52734375
93993.0546875,114652.6328125,74978.203125,103227.5,135427.015625,180097.59375,150944.328125,159677.875
177820.59375,206780.609375,151520.0625,173928.578125,225483.125,258798.03125,248111.984375,255620.484375
90407.140625,94593.6015625,80339.5390625,65335.32421875,73379.2734375,2529.926513671875,81210.3125,72407.5703125
8622.4970703125,7024.70556640625,7507.23486328125,2158.57470703125,-3079.645263671875,-66315.875,-5337.52880859375,-12704.349609375
62858.5078125,77687.5703125,48904.78515625,70517.3515625,92846.6796875,126947.8828125,104420.40625,111039.5
170023.828125,200449.265625,142978.765625,172530.75,224791.109375,270415.15625,247619.859375,257166.578125
125312.9375,136911.953125,109920.75,102979.65625,124946.3515625,84996.65625,138109.5625,133888.296875
16879.4765625,13628.1025390625,15619.240234375,4050.739013671875,-4117.72705078125,-91242.984375,-6734.5576171875,-17480.626953125
37623.8828125,46982.98046875,28475.73828125,42654.43359375,56115.76953125,73464.296875,63576.9375,67392.7109375
149932.46875,178934.1875,124067.453125,157009.140625,204971.59375,255499.390625,226317.078125,236611.46875
154371.25,173358.40625,134262.125,136835.578125,172337.703125,162982.15625,190421.625,190829.71875
34947.23828125,31742.46875,32077.208984375,15242.859375,7887.5048828125,-90715.390625,7339.46240234375,-5216.02490234375
20218.9609375,24909.205078125,14963.9765625,22000.283203125,27831.337890625,20902.3203125,31296.619140625,31618.482421875
121577.09375,146675.125,98883.7890625,130523.6015625,170541.625,220068.078125,189206.90625,198999.328125
174515.78125,200040.015625,150442.15625,163839.453125,210628.046875,229026.046875,232236.3125,237139.0
64543.5390625,64242.796875,58276.7578125,39620.85546875,38909.8671875,-50256.484375,42795.515625,31337.9921875
9444.7958984375,10004.70703125,7334.7685546875,6788.73828125,5558.140625,-33770.0859375,5233.99560546875,1094.54248046875
85931.5390625,105101.15625,68107.921875,94792.953125,124494.6640625,167085.65625,139057.984375,147349.90625
177203.15625,206640.203125,150408.953125,174789.03125,227023.78125,263991.9375,249835.703125,257998.46875
98708.3125,104379.234375,87328.96875,73776.90625,84928.328125,20810.857421875,94003.984375,86194.3984375
9563.416015625,7411.345703125,8557.4541015625,1689.4564208984375,-4533.53662109375,-74227.25,-7130.25048828125,-15424.9814453125
56142.32421875,69559.265625,43402.09765625,63136.046875,83207.2890625,113958.9453125,93815.625,99827.53125
166386.75,196682.625,139325.53125,170135.0625,221868.90625,269278.15625,244424.140625,254313.515625
133581.921875,147026.625,116747.234375,112276.4609375,137843.21875,105589.25,152186.125,149189.359375
20634.30078125,17191.283203125,19046.43359375,6080.16552734375,-2285.71142578125,-94051.7265625,-4708.0146484375,-16102.3740234375
32187.24609375,40235.6171875,24219.20703125,36420.375,47753.4453125,59535.71875,54133.8828125,57110.66796875
142984.40625,171136.203125,117711.9609375,150868.21875,196967.546875,247605.984375,217640.9375,227938.015625
160140.15625,180866.859375,138788.15625,144383.171875,182908.28125,180985.609375,201921.59375,203531.578125
41046.3125,38282.43359375,37467.7109375,19935.98828125,13636.08203125,-84324.4921875,13979.94140625,1429.75146484375
16896.5078125,20543.978515625,12466.6396484375,17745.830078125,21838.61328125,7926.6650390625,24386.578125,23729.1015625
113610.9296875,137451.546875,91828.375,122701.0703125,160446.859375,208848.0625,178251.296875,187777.828125
176873.3125,203546.53125,151956.265625,167937.671875,216590.921875,240177.875,238704.59375,244478.1875
72347.625,73176.359375,65034.91796875,46806.0234375,48480.2578125,-35951.99609375,53561.43359375,42720.48046875
8560.6728515625,8379.220703125,6893.27734375,4790.291015625,2184.525146484375,-44774.31640625,1149.259521484375,-4034.51171875
78453.203125,96203.4609375,61877.625,86838.6640625,114177.6796875,154528.5625,127883.3671875,135703.21875
176261.234375,206080.015625,149208.203125,175098.359375,227844.53125,268054.34375,250837.96875,259554.953125
107313.640625,114583.8984375,94731.796875,82501.734375,97002.0234375,39884.3125,107444.6015625,100639.1640625
11139.1474609375,8474.9755859375,10177.84375,1653.7159423828125,-5406.26025390625,-81793.0234375,-8194.953125,-17398.283203125
49632.66796875,61642.796875,38143.828125,55924.19140625,73770.40625,100625.015625,83374.65625,88718.625
161655.59375,191587.5,134785.09375,166519.65625,217290.71875,266094.1875,239517.234375,249653.71875
140849.03125,156109.53125,122757.6015625,120779.734375,149725.0,125222.8828125,165242.578125,163408.953125
24782.470703125,21322.154296875,22805.013671875,8641.0048828125,415.1388854980469,-94167.9296875,-1610.8006591796875,-13440.884765625
27508.736328125,34346.08984375,20575.0234375,30910.044921875,40337.80859375,46630.203125,45762.57421875,47896.7421875
136172.796875,163384.6875,111536.375,144610.5625,188893.03125,239316.28125,208870.796875,219091.8125
165143.203125,187393.671875,142666.421875,151050.546875,192291.65625,196865.890625,212081.859375,214760.046875
47252.67578125,45017.0546875,42915.74609375,24953.6640625,19881.0703125,-76873.1796875,21058.89453125,8601.8447265625
14251.515625,16967.38671875,10554.89453125,14214.0986328125,16696.1484375,-4444.2861328125,18336.318359375,16703.0546875
106019.40625,128686.9609375,85266.6171875,115281.2109375,150747.125,197839.875,167693.390625,176918.4375
178787.609375,206541.21875,153221.125,171570.25,221790.921875,250216.109375,244400.203125,250982.203125
80714.4453125,82834.859375,72351.3828125,54677.5,59018.5234375,-19826.28515625,65472.1875,55374.67578125
8744.9404296875,7959.38818359375,7234.78955078125,3861.240966796875,118.0842514038086,-54482.70703125,-1508.2061767578125,-7689.49072265625
175515.234375,205694.046875,148481.1875,175232.8125,228004.9375,271270.5625,251300.25,260394.21875
116563.4375,125578.4765625,102941.7734375,91827.234375,109678.8125,60317.91796875,121620.609375,115882.5625
13613.1494140625,10494.8134765625,12619.8603515625,2283.029296875,-5517.169921875,-87741.2265625,-8284.0029296875,-18349.86328125
43680.7109375,54298.90625,33344.6171875,49190.23828125,64910.1953125,87509.953125,73560.7890625,78193.703125
156478.328125,185870.171875,129876.78125,162308.84375,211905.984375,261655.1875,233671.296875,243965.625
147897.75,164911.671875,128484.25,129193.828125,161452.890625,144465.71875,178009.890625,177361.265625
29587.515625,26230.05859375,27091.18359375,11920.4072265625,4072.531982421875,-92752.1953125,2517.18603515625,-9671.7099609375
23276.41015625,28958.537109375,17323.986328125,25807.076171875,33354.07421875,33475.17578125,37800.3046875,39046.390625
128829.5859375,154981.921875,104984.40625,137632.734375,179888.71875,229844.125,199141.140625,209219.078125
169514.203125,193262.140625,146000.6875,157121.859375,200955.390625,211863.328125,221505.34375,225226.4375
54192.4921875,52706.4140625,49009.45703125,30748.912109375,27318.8359375,-66879.9453125,29551.103515625,17349.734375
12017.4365234375,13805.396484375,8982.3154296875,10978.1474609375,11858.91796875,-17125.033203125,12592.4345703125,9900.3017578125
98114.8046875,119351.1953125,78426.8515625,107167.2578125,140254.25,185718.96875,156318.609375,165181.15625
179564.703125,208064.046875,153379.5,173873.796875,225314.28125,258033.796875,248284.3125,255598.828125
89117.1328125,92590.0546875,79582.015625,62768.7890625,70035.2265625,-2632.6552734375,77828.7890625,68582.8125
8877.1064453125,7412.8212890625,7638.19384765625,2586.521240234375,-2378.24755859375,-64303.6796875,-4483.3125,-11701.4052734375
66435.765625,81827.2265625,51738.0,74168.171875,97352.3828125,132555.5,109381.21875,116232.921875
172766.515625,202989.25,145509.09375,173937.765625,226436.171875,271978.9375,249572.703125,259107.890625
125100.171875,135859.59375,109967.484375,101167.8984375,122465.7109375,80768.2890625,135675.984375,131150.09375
16531.9296875,13079.5244140625,15310.5859375,3509.40234375,-4790.7607421875,-92573.828125,-7491.81201171875,-18302.791015625
37937.76953125,47238.86328125,28753.81640625,42719.87890625,56305.9375,73957.9609375,63919.65625,67786.125
150698.171875,179382.65625,124467.84375,157232.640625,205418.859375,255801.875,226752.875,237146.03125
154644.171875,173286.59375,133861.28125,137161.46875,172665.9375,162993.078125,190327.8125,190865.921875
35185.41796875,32002.978515625,31991.109375,15906.2373046875,8765.7275390625,-89057.453125,7897.1611328125,-4444.01806640625
19672.728515625,24284.251953125,14584.712890625,21365.203125,27145.498046875,20778.8046875,30629.8203125,30978.708984375
121217.40625,146235.578125,98236.9140625,130402.1640625,170473.359375,219648.640625,188925.21875,198806.265625
173259.640625,198351.5625,148715.421875,162675.90625,208813.390625,225719.015625,230064.203125,234810.375
61964.9296875,61342.72265625,55733.82421875,37494.46484375,36062.5703125,-54516.8359375,39512.828125,27782.65625
10285.8017578125,11193.0595703125,7825.07666015625,8157.53662109375,7476.3896484375,-29712.7734375,7358.037109375,3554.86572265625
90069.1171875,109935.296875,71548.328125,99037.484375,129644.5078125,173104.140625,144718.71875,153167.75
179081.375,208269.84375,152438.859375,175244.40625,227342.21875,263796.65625,250477.890625,258437.140625
97333.875,102376.2265625,86572.9921875,71245.5078125,81469.28125,15377.037109375,90548.7578125,82239.078125
9563.818359375,7508.44189453125,8502.6025390625,1838.85546875,-4242.11474609375,-73449.2109375,-6733.08203125,-14967.59765625
59681.6328125,73715.6875,46204.13671875,66890.46875,87851.1328125,119729.1875,98914.171875,105180.4140625
169088.53125,199243.671875,141993.125,171480.1875,223427.546875,270842.625,246425.546875,256240.078125
132839.546875,145473.703125,116599.515625,109907.46875,134670.625,100683.5546875,149109.4375,145700.671875
19940.94921875,16339.279296875,18538.556640625,5269.33349609375,-3176.204833984375,-94564.3671875,-5589.05322265625,-16985.69140625
32792.62109375,40883.7734375,24743.4453125,36848.72265625,48450.08203125,61168.04296875,55065.6171875,58150.15625
144028.25,172002.890625,118544.921875,151403.65625,197872.796875,248470.65625,218573.40625,228942.359375
160043.65625,180385.859375,138337.484375,144131.984375,182561.265625,180057.09375,201231.0625,202897.3125
40952.37109375,38196.1328125,37176.69140625,20322.6953125,14187.2763671875,-83187.703125,14127.060546875,1776.9635009765625
16454.94921875,20045.421875,12199.423828125,17245.8671875,21343.87890625,8280.7841796875,23904.048828125,23318.65625
113355.7890625,137181.78125,91442.9453125,122730.109375,160576.953125,208707.109375,178177.734375,187792.921875
175717.609375,202095.734375,150485.40625,167014.78125,215122.21875,237365.84375,236922.9375,242566.84375
69602.046875,70097.5859375,62414.9375,44489.0625,45366.94921875,-40548.36328125,50081.46875,38962.3046875
9143.7177734375,9274.810546875,7172.22705078125,5900.189453125,3787.614501953125,-41138.78125,2923.4736328125,-1953.050537109375
82516.484375,100984.8984375,65158.8359375,91121.4140625,119399.0703125,160711.59375,133582.59375,141579.796875
178230.3125,207918.46875,151259.890625,175922.46875,228607.09375,268444.8125,251889.671875,260422.921875
106151.234375,112851.6640625,94130.3125,80316.9375,93921.3046875,35041.78515625,104341.484375,97118.96875
11013.955078125,8401.751953125,10021.671875,1678.1240234375,-5309.56689453125,-81112.546875,-8038.6474609375,-17175.66015625
52915.35546875,65589.796875,40713.18359375,59568.64453125,78289.3203125,106338.0546875,88310.5234375,93895.484375
164347.59375,194346.890625,137516.59375,168085.1875,219164.296875,268070.4375,241843.984375,251872.234375
140201.609375,154752.671875,122769.1328125,118495.7734375,146719.25,120612.1640625,162396.421875,160175.890625
24016.767578125,20354.078125,22281.04296875,7648.85546875,-739.8203125,-95579.2421875,-2767.100830078125,-14677.71875
27874.58984375,34787.3125,20912.4453125,31194.494140625,40815.2421875,47809.50390625,46417.37109375,48643.671875
136659.15625,163809.28125,111972.7734375,144800.0625,189334.3125,239815.234375,209367.9375,219653.0
164614.46875,186713.0,141951.15625,150703.40625,191835.875,195903.25,211289.46875,214006.015625
47117.0234375,45009.8125,42605.34765625,25392.80859375,20502.671875,-75656.1328125,21366.34375,9100.19921875
13750.27734375,16401.91015625,10232.6943359375,13623.2080078125,16092.583984375,-4293.009765625,17772.25,16185.7236328125
105168.2109375,127685.625,84375.1171875,114551.6484375,150031.578125,196865.96875,166789.953125,176069.1875
177955.578125,205618.078125,151826.03125,171441.84375,221496.484375,249305.96875,243717.84375,250345.1875
80074.265625,82370.234375,71153.5703125,55282.00390625,59617.99609375,-19182.287109375,65470.64453125,55543.1171875
8456.53515625,7762.5810546875,6979.5771484375,3836.69873046875,246.6961669921875,-52954.5859375,-1371.2794189453125,-7389.0166015625
73091.6015625,89904.5625,57224.99609375,81514.2734375,106985.140625,145112.671875,119889.046875,127306.421875
174636.6875,204712.421875,147339.84375,174781.125,227141.9375,269556.03125,250160.25,259186.6875
113485.875,122064.921875,100042.84375,89048.265625,105693.046875,54292.13671875,117247.9375,111146.71875
12754.57421875,9774.908203125,11707.2392578125,2074.755615234375,-5610.44384765625,-86565.6796875,-8405.3056640625,-18250.353515625
46459.078125,57714.5,35519.7578125,52405.0,68899.84375,92873.6328125,77916.96875,82809.71875
158711.0625,188217.171875,132281.25,163551.515625,213382.328125,263370.125,235642.65625,245832.5625
147132.84375,163558.015625,128533.734375,126863.7265625,158472.421875,140268.40625,175280.546875,174280.828125
28775.341796875,25206.595703125,26595.98046875,10762.564453125,2749.934814453125,-94029.6015625,1292.690673828125,-10944.4853515625
23702.8828125,29468.021484375,17708.48046875,26184.998046875,33947.37890625,34975.8046875,38574.45703125,39921.86328125
129421.6796875,155584.15625,105609.09375,138030.03125,180570.9375,230664.0,199880.765625,210009.25
169252.28125,192887.109375,145685.796875,156960.71875,200782.71875,211405.875,221125.0625,224912.484375
54456.421875,53074.546875,49057.06640625,31488.6640625,28297.908203125,-65259.41796875,30271.478515625,18354.490234375
11552.2744140625,13272.5087890625,8699.208984375,10411.59765625,11255.48828125,-17058.24609375,12029.5732421875,9388.46875
97030.9921875,118184.6328125,77508.1328125,106289.171875,139304.546875,184481.53125,155164.3125,164028.484375
178314.796875,206837.609375,151889.203125,173491.84375,224626.015625,256615.859375,247159.59375,254464.515625
88184.0625,91914.8125,78238.8984375,63242.0625,70366.34375,-2328.760986328125,77524.2890625,68464.859375
8584.677734375,7236.73388671875,7375.404296875,2635.270263671875,-2183.4521484375,-62765.30078125,-4330.962890625,-11357.7470703125
65809.2734375,81210.1171875,51245.4140625,73730.234375,96897.1484375,132153.046875,108849.671875,115707.140625
171671.5625,201905.15625,144396.3125,173333.203125,225531.734375,270341.65625,248467.03125,257884.46875
121483.8203125,131886.828125,106802.4765625,97908.0078125,117972.1328125,74229.8671875,130852.703125,125884.8515625
15311.591796875,11981.6962890625,14131.28515625,2934.60498046875,-5303.0625,-91560.625,-7991.5078125,-18603.265625
40747.31640625,50723.9921875,30911.85546875,46001.16015625,60459.671875,79756.359375,68449.703125,72601.1640625
153301.515625,182366.46875,127298.984375,159056.9375,207693.765625,258405.765625,229549.078125,239810.140625
153866.1875,172142.90625,134141.5625,134863.546875,169838.40625,159018.984375,187822.625,187956.203125
34036.76171875,30693.92578125,31338.259765625,14396.220703125,7020.27978515625,-91233.7265625,6229.0283203125,-6265.03662109375
20092.96484375,24813.919921875,14967.59765625,21767.736328125,27797.341796875,22366.470703125,31468.078125,31932.90625
121985.59375,147124.9375,99127.46875,131021.75,171498.4375,220938.046875,190072.53125,200004.40625
172504.859375,197561.53125,148171.796875,162100.578125,208162.828125,224436.796875,229173.234375,233886.078125
61568.1640625,61104.140625,55279.859375,37809.2890625,36512.30859375,-53774.87109375,39575.859375,28067.708984375
9981.974609375,10902.576171875,7664.34521484375,7861.15234375,7257.58837890625,-28783.052734375,7196.16552734375,3514.5654296875
89302.0,109170.3984375,70951.3359375,98487.6953125,129167.4765625,172541.078125,144111.609375,152580.203125
178181.765625,207513.390625,151382.796875,175223.421875,227274.5625,263083.1875,250046.3125,258006.046875
96646.2265625,101951.3671875,85497.625,71844.171875,82055.6171875,16026.802734375,90623.6640625,82529.9609375
9355.142578125,7410.47412109375,8278.1689453125,1976.318603515625,-3915.622802734375,-71641.3984375,-6431.53466796875,-14429.345703125
58949.65625,72963.2578125,45628.66796875,66326.734375,87274.7890625,119214.671875,98231.4140625,104495.3125
168174.4375,198489.765625,141004.46875,171321.265625,223143.421875,269905.125,245858.78125,255621.421875
129664.890625,142058.03125,113763.546875,107187.4453125,130845.53125,94778.0703125,144943.484375,141166.734375
18624.38671875,15106.201171875,17249.15234375,4571.4228515625,-3952.503173828125,-94814.6796875,-6467.4765625,-17756.15625
35480.39453125,44263.0859375,26806.33203125,40107.7421875,52569.95703125,66902.7421875,59548.66015625,62937.96875
146979.5625,175500.484375,121603.5078125,153923.59375,200984.15625,252015.390625,222210.890625,232500.453125
159640.046875,179773.984375,138868.953125,142569.53125,180551.09375,176932.921875,199486.546875,200768.78125
39951.1015625,37024.33984375,36636.89453125,18944.509765625,12487.2919921875,-85991.484375,12432.10546875,-154.76345825195312
16666.509765625,20346.43359375,12390.1962890625,17476.537109375,21743.86328125,9134.4638671875,24402.201171875,23867.16796875
113847.3671875,137803.453125,92116.78125,123094.6875,161266.875,209621.34375,178956.984375,188599.734375
175073.078125,201445.90625,150137.859375,166472.703125,214534.40625,236178.15625,236109.765625,241713.375
69243.3046875,69862.7578125,62021.65625,44741.32421875,45717.78515625,-39899.0,50116.13671875,39231.93359375
8847.1328125,8968.904296875,7002.9794921875,5593.5458984375,3574.177734375,-40049.40234375,2801.500244140625,-1914.2254638671875
81420.53125,99788.6328125,64326.61328125,90142.0703125,118411.4140625,159600.015625,132420.1875,140421.625
176973.09375,206792.546875,149978.734375,175510.484375,228116.71875,267264.28125,251025.265625,259553.546875
104765.6796875,111710.046875,92465.734375,80323.171875,93740.59375,34597.41015625,103575.78125,96497.09375
10665.7373046875,8216.544921875,9661.71875,1808.2783203125,-4976.77197265625,-79136.8359375,-7755.54052734375,-16643.44140625
52466.82421875,65169.56640625,40408.55078125,59271.85546875,78050.40625,106419.9921875,88042.90625,93663.0703125
163658.53125,193890.78125,136785.6875,168239.078125,219288.484375,267574.03125,241688.5625,251691.1875
136894.109375,151258.28125,119834.59375,115856.875,142888.453125,114598.3203125,158174.15625,155559.671875
22363.455078125,18777.138671875,20705.71484375,6728.1201171875,-1855.55224609375,-96088.59375,-3975.43603515625,-15800.4912109375
30347.451171875,37880.97265625,22783.15234375,34227.06640625,44669.7109375,53471.37890625,50601.078125,53145.7578125
139895.3125,167651.265625,115305.078125,147724.40625,192921.96875,243845.515625,213425.109375,223646.28125
164427.796875,186316.359375,142807.375,149270.765625,189986.96875,193004.65625,209736.203125,212094.9375
46016.3125,43679.37109375,42105.3828125,23795.150390625,18500.201171875,-78536.21875,19464.455078125,6986.953125
14047.6005859375,16814.96875,10497.5625,13982.958984375,16642.302734375,-2868.62255859375,18463.052734375,16982.47265625
106042.34375,128763.671875,85359.6953125,115386.1484375,151254.65625,198395.765625,168137.765625,177458.84375
176892.75,204433.203125,151328.890625,170185.5625,219943.625,246657.890625,242039.390625,248465.765625
77471.984375,79397.609375,69193.6171875,52548.56640625,56131.39453125,-24167.240234375,61849.9296875,51658.7421875
8308.34375,7706.1875,6836.0791015625,3883.90576171875,484.33990478515625,-51188.41796875,-1014.27734375,-6829.5078125
73761.21875,90761.1953125,57954.69140625,82186.3046875,108044.2734375,146730.25,121092.21875,128583.4921875
174737.40625,204989.09375,147661.03125,175048.875,227758.90625,269849.6875,250686.828125,259699.046875
113095.8828125,121912.6328125,99634.609375,89390.71875,106169.609375,54539.5,117350.3984375,111359.015625
12661.0322265625,9816.080078125,11641.5244140625,2235.017822265625,-5279.99560546875,-85160.2734375,-8090.615234375,-17776.2734375
45939.1328125,57236.53125,35164.1640625,52026.7421875,68578.5859375,92768.15625,77520.734375,82429.9140625
158379.28125,188253.796875,131936.59375,164087.09375,214086.484375,263524.5,236080.390625,246260.453125
144074.921875,160363.109375,125887.0,124375.90625,154912.71875,134389.734375,171345.484375,169936.921875
26782.9296875,23258.171875,24769.328125,9478.255859375,1178.69677734375,-95590.171875,-437.1330261230469,-12676.9248046875
25895.251953125,32266.03515625,19335.240234375,28962.08984375,37517.53125,40363.7578125,42445.01953125,44131.66015625
132771.421875,159587.484375,108959.9765625,141101.421875,184374.4375,234976.796875,204218.90625,214307.21875
168876.109375,192310.96875,146341.859375,155325.515625,198691.265625,208222.171875,219331.671875,222715.421875
52839.25,51178.76171875,48133.91796875,29339.0078125,25634.810546875,-69303.1875,27652.166015625,15389.2412109375
11779.3232421875,13610.8701171875,8864.365234375,10721.4599609375,11808.4921875,-15792.0419921875,12686.71484375,10145.5224609375
97787.3046875,119179.8671875,78288.71875,107128.03125,140542.71875,186074.890625,156501.0625,165441.9375
177406.671875,205960.65625,151354.640625,172686.921875,223685.90625,254838.625,246091.9375,253261.28125
85511.9765625,88920.125,76117.3359375,60533.63671875,66932.2421875,-7320.88818359375,74014.015625,64693.80859375
8272.40234375,7020.07861328125,7069.02880859375,2573.110107421875,-2058.1259765625,-61410.31640625,-4085.540771484375,-10897.546875
66366.296875,81956.9765625,51847.63671875,74304.1640625,97819.09375,133583.671875,109882.59375,116822.4765625
171648.375,202089.625,144599.4375,173487.765625,225997.703125,270559.65625,248848.84375,258277.015625
121181.6015625,131854.109375,106474.109375,98322.875,118577.640625,74885.796875,131127.4375,126319.234375
15301.0634765625,12123.7861328125,14143.01953125,3242.3212890625,-4799.20947265625,-90097.546875,-7581.19677734375,-18031.41796875
40030.828125,49993.29296875,30457.220703125,45405.640625,59820.63671875,79365.7578125,67746.09375,71906.6015625
152441.9375,181781.890625,126481.171875,159201.78125,207814.265625,257992.234375,229330.140625,239603.203125
150564.390625,168709.203125,131233.578125,132431.453125,166200.125,153291.390625,183719.046875,183508.625
31836.681640625,28526.232421875,29338.740234375,13007.640625,5221.4560546875,-93020.1484375,4261.69482421875,-8246.5859375
21913.916015625,27169.234375,16282.4169921875,24170.66015625,30885.837890625,27257.681640625,34822.24609375,35596.40234375
125177.8203125,150970.34375,102222.0,134091.671875,175236.03125,225217.78125,194297.609375,204211.734375
172691.078125,197645.671875,149278.28125,161106.8125,206866.515625,222511.234375,228238.828125,232628.859375
